		20代まで初婚率	30代まで初婚率			平均μ	σ	分散σ^2	
		90.00%	97.03%			0	0.5	0.25	
		SUM($E$9:$E$368)	SUM($E$9:$E$488)				SQRT($I$2)		
		婚姻最小	婚姻最大	年齢乗算	生涯婚姻率	妊娠最小	妊娠最大	年齢乗算	
		13	60	0.1183	98.00%	14.17	49.08	0.1183	1550.82%
合計/SUM		1.0140635E+02	1.57E+03	98.00%		1.0120423E+02	8.63E+02	1550.82%	798.94%
		EXP(-1*POW(LN(D9-$G$2),2)/(2*$I$2))/(SQRT(2*PI())*$H$2*D9)	IF(OR($B9-C$5<=0,D$5-$B9<=0),1E-100,($B9-C$5)*E$5)			EXP(-1*POW(LN(H9-$G$2),2)/(2*$I$2))/(SQRT(2*PI())*$H$2*H9)	IF(OR($B9-G$5<=0,H$5-$B9<=0),1E-100,($B9-G$5)*I$5)		
番号	月齢	a	x1	初婚率	初婚率合計	b	x2	出産確率	合計特殊出生率
0	0.00	0	1.00E-100	0.00%	0.00%	0E+00	1.00E-100	0.00%	0.00%
1	0.08	0	1.00E-100	0.00%	0.00%	0E+00	1.00E-100	0.00%	0.00%
2	0.17	0	1.00E-100	0.00%	0.00%	0E+00	1.00E-100	0.00%	0.00%
3	0.25	0	1.00E-100	0.00%	0.00%	0E+00	1.00E-100	0.00%	0.00%
4	0.33	0	1.00E-100	0.00%	0.00%	0E+00	1.00E-100	0.00%	0.00%
5	0.42	0	1.00E-100	0.00%	0.00%	0E+00	1.00E-100	0.00%	0.00%
6	0.50	0	1.00E-100	0.00%	0.00%	0E+00	1.00E-100	0.00%	0.00%
7	0.58	0	1.00E-100	0.00%	0.00%	0E+00	1.00E-100	0.00%	0.00%
8	0.67	0	1.00E-100	0.00%	0.00%	0E+00	1.00E-100	0.00%	0.00%
9	0.75	0	1.00E-100	0.00%	0.00%	0E+00	1.00E-100	0.00%	0.00%
10	0.83	0	1.00E-100	0.00%	0.00%	0E+00	1.00E-100	0.00%	0.00%
11	0.92	0	1.00E-100	0.00%	0.00%	0E+00	1.00E-100	0.00%	0.00%
12	1.00	0	1.00E-100	0.00%	0.00%	0E+00	1.00E-100	0.00%	0.00%
13	1.08	0	1.00E-100	0.00%	0.00%	0E+00	1.00E-100	0.00%	0.00%
14	1.17	0	1.00E-100	0.00%	0.00%	0E+00	1.00E-100	0.00%	0.00%
15	1.25	0	1.00E-100	0.00%	0.00%	0E+00	1.00E-100	0.00%	0.00%
16	1.33	0	1.00E-100	0.00%	0.00%	0E+00	1.00E-100	0.00%	0.00%
17	1.42	0	1.00E-100	0.00%	0.00%	0E+00	1.00E-100	0.00%	0.00%
18	1.50	0	1.00E-100	0.00%	0.00%	0E+00	1.00E-100	0.00%	0.00%
19	1.58	0	1.00E-100	0.00%	0.00%	0E+00	1.00E-100	0.00%	0.00%
20	1.67	0	1.00E-100	0.00%	0.00%	0E+00	1.00E-100	0.00%	0.00%
21	1.75	0	1.00E-100	0.00%	0.00%	0E+00	1.00E-100	0.00%	0.00%
22	1.83	0	1.00E-100	0.00%	0.00%	0E+00	1.00E-100	0.00%	0.00%
23	1.92	0	1.00E-100	0.00%	0.00%	0E+00	1.00E-100	0.00%	0.00%
24	2.00	0	1.00E-100	0.00%	0.00%	0E+00	1.00E-100	0.00%	0.00%
25	2.08	0	1.00E-100	0.00%	0.00%	0E+00	1.00E-100	0.00%	0.00%
26	2.17	0	1.00E-100	0.00%	0.00%	0E+00	1.00E-100	0.00%	0.00%
27	2.25	0	1.00E-100	0.00%	0.00%	0E+00	1.00E-100	0.00%	0.00%
28	2.33	0	1.00E-100	0.00%	0.00%	0E+00	1.00E-100	0.00%	0.00%
29	2.42	0	1.00E-100	0.00%	0.00%	0E+00	1.00E-100	0.00%	0.00%
30	2.50	0	1.00E-100	0.00%	0.00%	0E+00	1.00E-100	0.00%	0.00%
31	2.58	0	1.00E-100	0.00%	0.00%	0E+00	1.00E-100	0.00%	0.00%
32	2.67	0	1.00E-100	0.00%	0.00%	0E+00	1.00E-100	0.00%	0.00%
33	2.75	0	1.00E-100	0.00%	0.00%	0E+00	1.00E-100	0.00%	0.00%
34	2.83	0	1.00E-100	0.00%	0.00%	0E+00	1.00E-100	0.00%	0.00%
35	2.92	0	1.00E-100	0.00%	0.00%	0E+00	1.00E-100	0.00%	0.00%
36	3.00	0	1.00E-100	0.00%	0.00%	0E+00	1.00E-100	0.00%	0.00%
37	3.08	0	1.00E-100	0.00%	0.00%	0E+00	1.00E-100	0.00%	0.00%
38	3.17	0	1.00E-100	0.00%	0.00%	0E+00	1.00E-100	0.00%	0.00%
39	3.25	0	1.00E-100	0.00%	0.00%	0E+00	1.00E-100	0.00%	0.00%
40	3.33	0	1.00E-100	0.00%	0.00%	0E+00	1.00E-100	0.00%	0.00%
41	3.42	0	1.00E-100	0.00%	0.00%	0E+00	1.00E-100	0.00%	0.00%
42	3.50	0	1.00E-100	0.00%	0.00%	0E+00	1.00E-100	0.00%	0.00%
43	3.58	0	1.00E-100	0.00%	0.00%	0E+00	1.00E-100	0.00%	0.00%
44	3.67	0	1.00E-100	0.00%	0.00%	0E+00	1.00E-100	0.00%	0.00%
45	3.75	0	1.00E-100	0.00%	0.00%	0E+00	1.00E-100	0.00%	0.00%
46	3.83	0	1.00E-100	0.00%	0.00%	0E+00	1.00E-100	0.00%	0.00%
47	3.92	0	1.00E-100	0.00%	0.00%	0E+00	1.00E-100	0.00%	0.00%
48	4.00	0	1.00E-100	0.00%	0.00%	0E+00	1.00E-100	0.00%	0.00%
49	4.08	0	1.00E-100	0.00%	0.00%	0E+00	1.00E-100	0.00%	0.00%
50	4.17	0	1.00E-100	0.00%	0.00%	0E+00	1.00E-100	0.00%	0.00%
51	4.25	0	1.00E-100	0.00%	0.00%	0E+00	1.00E-100	0.00%	0.00%
52	4.33	0	1.00E-100	0.00%	0.00%	0E+00	1.00E-100	0.00%	0.00%
53	4.42	0	1.00E-100	0.00%	0.00%	0E+00	1.00E-100	0.00%	0.00%
54	4.50	0	1.00E-100	0.00%	0.00%	0E+00	1.00E-100	0.00%	0.00%
55	4.58	0	1.00E-100	0.00%	0.00%	0E+00	1.00E-100	0.00%	0.00%
56	4.67	0	1.00E-100	0.00%	0.00%	0E+00	1.00E-100	0.00%	0.00%
57	4.75	0	1.00E-100	0.00%	0.00%	0E+00	1.00E-100	0.00%	0.00%
58	4.83	0	1.00E-100	0.00%	0.00%	0E+00	1.00E-100	0.00%	0.00%
59	4.92	0	1.00E-100	0.00%	0.00%	0E+00	1.00E-100	0.00%	0.00%
60	5.00	0	1.00E-100	0.00%	0.00%	0E+00	1.00E-100	0.00%	0.00%
61	5.08	0	1.00E-100	0.00%	0.00%	0E+00	1.00E-100	0.00%	0.00%
62	5.17	0	1.00E-100	0.00%	0.00%	0E+00	1.00E-100	0.00%	0.00%
63	5.25	0	1.00E-100	0.00%	0.00%	0E+00	1.00E-100	0.00%	0.00%
64	5.33	0	1.00E-100	0.00%	0.00%	0E+00	1.00E-100	0.00%	0.00%
65	5.42	0	1.00E-100	0.00%	0.00%	0E+00	1.00E-100	0.00%	0.00%
66	5.50	0	1.00E-100	0.00%	0.00%	0E+00	1.00E-100	0.00%	0.00%
67	5.58	0	1.00E-100	0.00%	0.00%	0E+00	1.00E-100	0.00%	0.00%
68	5.67	0	1.00E-100	0.00%	0.00%	0E+00	1.00E-100	0.00%	0.00%
69	5.75	0	1.00E-100	0.00%	0.00%	0E+00	1.00E-100	0.00%	0.00%
70	5.83	0	1.00E-100	0.00%	0.00%	0E+00	1.00E-100	0.00%	0.00%
71	5.92	0	1.00E-100	0.00%	0.00%	0E+00	1.00E-100	0.00%	0.00%
72	6.00	0	1.00E-100	0.00%	0.00%	0E+00	1.00E-100	0.00%	0.00%
73	6.08	0	1.00E-100	0.00%	0.00%	0E+00	1.00E-100	0.00%	0.00%
74	6.17	0	1.00E-100	0.00%	0.00%	0E+00	1.00E-100	0.00%	0.00%
75	6.25	0	1.00E-100	0.00%	0.00%	0E+00	1.00E-100	0.00%	0.00%
76	6.33	0	1.00E-100	0.00%	0.00%	0E+00	1.00E-100	0.00%	0.00%
77	6.42	0	1.00E-100	0.00%	0.00%	0E+00	1.00E-100	0.00%	0.00%
78	6.50	0	1.00E-100	0.00%	0.00%	0E+00	1.00E-100	0.00%	0.00%
79	6.58	0	1.00E-100	0.00%	0.00%	0E+00	1.00E-100	0.00%	0.00%
80	6.67	0	1.00E-100	0.00%	0.00%	0E+00	1.00E-100	0.00%	0.00%
81	6.75	0	1.00E-100	0.00%	0.00%	0E+00	1.00E-100	0.00%	0.00%
82	6.83	0	1.00E-100	0.00%	0.00%	0E+00	1.00E-100	0.00%	0.00%
83	6.92	0	1.00E-100	0.00%	0.00%	0E+00	1.00E-100	0.00%	0.00%
84	7.00	0	1.00E-100	0.00%	0.00%	0E+00	1.00E-100	0.00%	0.00%
85	7.08	0	1.00E-100	0.00%	0.00%	0E+00	1.00E-100	0.00%	0.00%
86	7.17	0	1.00E-100	0.00%	0.00%	0E+00	1.00E-100	0.00%	0.00%
87	7.25	0	1.00E-100	0.00%	0.00%	0E+00	1.00E-100	0.00%	0.00%
88	7.33	0	1.00E-100	0.00%	0.00%	0E+00	1.00E-100	0.00%	0.00%
89	7.42	0	1.00E-100	0.00%	0.00%	0E+00	1.00E-100	0.00%	0.00%
90	7.50	0	1.00E-100	0.00%	0.00%	0E+00	1.00E-100	0.00%	0.00%
91	7.58	0	1.00E-100	0.00%	0.00%	0E+00	1.00E-100	0.00%	0.00%
92	7.67	0	1.00E-100	0.00%	0.00%	0E+00	1.00E-100	0.00%	0.00%
93	7.75	0	1.00E-100	0.00%	0.00%	0E+00	1.00E-100	0.00%	0.00%
94	7.83	0	1.00E-100	0.00%	0.00%	0E+00	1.00E-100	0.00%	0.00%
95	7.92	0	1.00E-100	0.00%	0.00%	0E+00	1.00E-100	0.00%	0.00%
96	8.00	0	1.00E-100	0.00%	0.00%	0E+00	1.00E-100	0.00%	0.00%
97	8.08	0	1.00E-100	0.00%	0.00%	0E+00	1.00E-100	0.00%	0.00%
98	8.17	0	1.00E-100	0.00%	0.00%	0E+00	1.00E-100	0.00%	0.00%
99	8.25	0	1.00E-100	0.00%	0.00%	0E+00	1.00E-100	0.00%	0.00%
100	8.33	0	1.00E-100	0.00%	0.00%	0E+00	1.00E-100	0.00%	0.00%
101	8.42	0	1.00E-100	0.00%	0.00%	0E+00	1.00E-100	0.00%	0.00%
102	8.50	0	1.00E-100	0.00%	0.00%	0E+00	1.00E-100	0.00%	0.00%
103	8.58	0	1.00E-100	0.00%	0.00%	0E+00	1.00E-100	0.00%	0.00%
104	8.67	0	1.00E-100	0.00%	0.00%	0E+00	1.00E-100	0.00%	0.00%
105	8.75	0	1.00E-100	0.00%	0.00%	0E+00	1.00E-100	0.00%	0.00%
106	8.83	0	1.00E-100	0.00%	0.00%	0E+00	1.00E-100	0.00%	0.00%
107	8.92	0	1.00E-100	0.00%	0.00%	0E+00	1.00E-100	0.00%	0.00%
108	9.00	0	1.00E-100	0.00%	0.00%	0E+00	1.00E-100	0.00%	0.00%
109	9.08	0	1.00E-100	0.00%	0.00%	0E+00	1.00E-100	0.00%	0.00%
110	9.17	0	1.00E-100	0.00%	0.00%	0E+00	1.00E-100	0.00%	0.00%
111	9.25	0	1.00E-100	0.00%	0.00%	0E+00	1.00E-100	0.00%	0.00%
112	9.33	0	1.00E-100	0.00%	0.00%	0E+00	1.00E-100	0.00%	0.00%
113	9.42	0	1.00E-100	0.00%	0.00%	0E+00	1.00E-100	0.00%	0.00%
114	9.50	0	1.00E-100	0.00%	0.00%	0E+00	1.00E-100	0.00%	0.00%
115	9.58	0	1.00E-100	0.00%	0.00%	0E+00	1.00E-100	0.00%	0.00%
116	9.67	0	1.00E-100	0.00%	0.00%	0E+00	1.00E-100	0.00%	0.00%
117	9.75	0	1.00E-100	0.00%	0.00%	0E+00	1.00E-100	0.00%	0.00%
118	9.83	0	1.00E-100	0.00%	0.00%	0E+00	1.00E-100	0.00%	0.00%
119	9.92	0	1.00E-100	0.00%	0.00%	0E+00	1.00E-100	0.00%	0.00%
120	10.00	0	1.00E-100	0.00%	0.00%	0E+00	1.00E-100	0.00%	0.00%
121	10.08	0	1.00E-100	0.00%	0.00%	0E+00	1.00E-100	0.00%	0.00%
122	10.17	0	1.00E-100	0.00%	0.00%	0E+00	1.00E-100	0.00%	0.00%
123	10.25	0	1.00E-100	0.00%	0.00%	0E+00	1.00E-100	0.00%	0.00%
124	10.33	0	1.00E-100	0.00%	0.00%	0E+00	1.00E-100	0.00%	0.00%
125	10.42	0	1.00E-100	0.00%	0.00%	0E+00	1.00E-100	0.00%	0.00%
126	10.50	0	1.00E-100	0.00%	0.00%	0E+00	1.00E-100	0.00%	0.00%
127	10.58	0	1.00E-100	0.00%	0.00%	0E+00	1.00E-100	0.00%	0.00%
128	10.67	0	1.00E-100	0.00%	0.00%	0E+00	1.00E-100	0.00%	0.00%
129	10.75	0	1.00E-100	0.00%	0.00%	0E+00	1.00E-100	0.00%	0.00%
130	10.83	0	1.00E-100	0.00%	0.00%	0E+00	1.00E-100	0.00%	0.00%
131	10.92	0	1.00E-100	0.00%	0.00%	0E+00	1.00E-100	0.00%	0.00%
132	11.00	0	1.00E-100	0.00%	0.00%	0E+00	1.00E-100	0.00%	0.00%
133	11.08	0	1.00E-100	0.00%	0.00%	0E+00	1.00E-100	0.00%	0.00%
134	11.17	0	1.00E-100	0.00%	0.00%	0E+00	1.00E-100	0.00%	0.00%
135	11.25	0	1.00E-100	0.00%	0.00%	0E+00	1.00E-100	0.00%	0.00%
136	11.33	0	1.00E-100	0.00%	0.00%	0E+00	1.00E-100	0.00%	0.00%
137	11.42	0	1.00E-100	0.00%	0.00%	0E+00	1.00E-100	0.00%	0.00%
138	11.50	0	1.00E-100	0.00%	0.00%	0E+00	1.00E-100	0.00%	0.00%
139	11.58	0	1.00E-100	0.00%	0.00%	0E+00	1.00E-100	0.00%	0.00%
140	11.67	0	1.00E-100	0.00%	0.00%	0E+00	1.00E-100	0.00%	0.00%
141	11.75	0	1.00E-100	0.00%	0.00%	0E+00	1.00E-100	0.00%	0.00%
142	11.83	0	1.00E-100	0.00%	0.00%	0E+00	1.00E-100	0.00%	0.00%
143	11.92	0	1.00E-100	0.00%	0.00%	0E+00	1.00E-100	0.00%	0.00%
144	12.00	0	1.00E-100	0.00%	0.00%	0E+00	1.00E-100	0.00%	0.00%
145	12.08	0	1.00E-100	0.00%	0.00%	0E+00	1.00E-100	0.00%	0.00%
146	12.17	0	1.00E-100	0.00%	0.00%	0E+00	1.00E-100	0.00%	0.00%
147	12.25	0	1.00E-100	0.00%	0.00%	0E+00	1.00E-100	0.00%	0.00%
148	12.33	0	1.00E-100	0.00%	0.00%	0E+00	1.00E-100	0.00%	0.00%
149	12.42	0	1.00E-100	0.00%	0.00%	0E+00	1.00E-100	0.00%	0.00%
150	12.50	0	1.00E-100	0.00%	0.00%	0E+00	1.00E-100	0.00%	0.00%
151	12.58	0	1.00E-100	0.00%	0.00%	0E+00	1.00E-100	0.00%	0.00%
152	12.67	0	1.00E-100	0.00%	0.00%	0E+00	1.00E-100	0.00%	0.00%
153	12.75	0	1.00E-100	0.00%	0.00%	0E+00	1.00E-100	0.00%	0.00%
154	12.83	0	1.00E-100	0.00%	0.00%	0E+00	1.00E-100	0.00%	0.00%
155	12.92	0	1.00E-100	0.00%	0.00%	0E+00	1.00E-100	0.00%	0.00%
156	13.00	0.00E+00	2.73E-15	0.00%	0.00%	0E+00	1.00E-100	0.00%	0.00%
157	13.08	2.36E-17	9.86E-03	0.00%	0.00%	0E+00	1.00E-100	0.00%	0.00%
158	13.17	1.65E-12	1.97E-02	0.00%	0.00%	0E+00	1.00E-100	0.00%	0.00%
159	13.25	4.61E-10	2.96E-02	0.00%	0.00%	0E+00	1.00E-100	0.00%	0.00%
160	13.33	1.68E-08	3.94E-02	0.00%	0.00%	0E+00	1.00E-100	0.00%	0.00%
161	13.42	2.19E-07	4.93E-02	0.00%	0.00%	0E+00	1.00E-100	0.00%	0.00%
162	13.50	1.53E-06	5.92E-02	0.00%	0.00%	0E+00	1.00E-100	0.00%	0.00%
163	13.58	7.15E-06	6.90E-02	0.00%	0.00%	0E+00	1.00E-100	0.00%	0.00%
164	13.67	2.52E-05	7.89E-02	0.00%	0.00%	0E+00	1.00E-100	0.00%	0.00%
165	13.75	7.21E-05	8.87E-02	0.00%	0.00%	0E+00	1.00E-100	0.00%	0.00%
166	13.83	1.76E-04	9.86E-02	0.00%	0.00%	0E+00	1.00E-100	0.00%	0.00%
167	13.92	3.80E-04	1.08E-01	0.00%	0.00%	0E+00	1.00E-100	0.00%	0.00%
168	14.00	7.44E-04	1.18E-01	0.00%	0.00%	0E+00	1.00E-100	0.00%	0.00%
169	14.08	1.34E-03	1.28E-01	0.00%	0.00%	0E+00	1.00E-100	0.00%	0.00%
170	14.17	2.27E-03	1.38E-01	0.00%	0.00%	0.00E+00	1.00E-100	0.00%	0.00%
171	14.25	3.62E-03	1.48E-01	0.00%	0.01%	2.36E-17	9.86E-03	0.00%	0.00%
172	14.33	5.51E-03	1.58E-01	0.01%	0.01%	1.65E-12	1.97E-02	0.00%	0.00%
173	14.42	8.06E-03	1.68E-01	0.01%	0.02%	4.61E-10	2.96E-02	0.00%	0.00%
174	14.50	1.14E-02	1.77E-01	0.01%	0.03%	1.68E-08	3.94E-02	0.00%	0.00%
175	14.58	1.56E-02	1.87E-01	0.02%	0.05%	2.19E-07	4.93E-02	0.00%	0.00%
176	14.67	2.08E-02	1.97E-01	0.02%	0.07%	1.53E-06	5.92E-02	0.00%	0.00%
177	14.75	2.70E-02	2.07E-01	0.03%	0.09%	7.15E-06	6.90E-02	0.00%	0.00%
178	14.83	3.44E-02	2.17E-01	0.03%	0.13%	2.52E-05	7.89E-02	0.00%	0.00%
179	14.92	4.30E-02	2.27E-01	0.04%	0.17%	7.21E-05	8.87E-02	0.00%	0.00%
180	15.00	5.29E-02	2.37E-01	0.05%	0.22%	1.76E-04	9.86E-02	0.00%	0.00%
181	15.08	6.40E-02	2.46E-01	0.06%	0.28%	3.80E-04	1.08E-01	0.01%	0.00%
182	15.17	7.65E-02	2.56E-01	0.07%	0.36%	7.44E-04	1.18E-01	0.01%	0.00%
183	15.25	9.02E-02	2.66E-01	0.09%	0.44%	1.34E-03	1.28E-01	0.02%	0.00%
184	15.33	1.05E-01	2.76E-01	0.10%	0.54%	2.27E-03	1.38E-01	0.03%	0.00%
185	15.42	1.21E-01	2.86E-01	0.12%	0.66%	3.62E-03	1.48E-01	0.06%	0.00%
186	15.50	1.39E-01	2.96E-01	0.13%	0.80%	5.51E-03	1.58E-01	0.08%	0.00%
187	15.58	1.57E-01	3.06E-01	0.15%	0.95%	8.06E-03	1.68E-01	0.12%	0.00%
188	15.67	1.77E-01	3.15E-01	0.17%	1.12%	1.14E-02	1.77E-01	0.17%	0.00%
189	15.75	1.97E-01	3.25E-01	0.19%	1.31%	1.56E-02	1.87E-01	0.24%	0.00%
190	15.83	2.18E-01	3.35E-01	0.21%	1.52%	2.08E-02	1.97E-01	0.32%	0.00%
191	15.92	2.40E-01	3.45E-01	0.23%	1.75%	2.70E-02	2.07E-01	0.41%	0.00%
192	16.00	2.63E-01	3.55E-01	0.25%	2.01%	3.44E-02	2.17E-01	0.53%	0.00%
193	16.08	2.86E-01	3.65E-01	0.28%	2.28%	4.30E-02	2.27E-01	0.66%	0.00%
194	16.17	3.10E-01	3.75E-01	0.30%	2.58%	5.29E-02	2.37E-01	0.81%	0.00%
195	16.25	3.34E-01	3.84E-01	0.32%	2.90%	6.40E-02	2.46E-01	0.98%	0.01%
196	16.33	3.58E-01	3.94E-01	0.35%	3.25%	7.65E-02	2.56E-01	1.17%	0.01%
197	16.42	3.82E-01	4.04E-01	0.37%	3.62%	9.02E-02	2.66E-01	1.38%	0.01%
198	16.50	4.07E-01	4.14E-01	0.39%	4.01%	1.05E-01	2.76E-01	1.61%	0.02%
199	16.58	4.31E-01	4.24E-01	0.42%	4.43%	1.21E-01	2.86E-01	1.86%	0.02%
200	16.67	4.56E-01	4.34E-01	0.44%	4.87%	1.39E-01	2.96E-01	2.12%	0.03%
201	16.75	4.80E-01	4.44E-01	0.46%	5.33%	1.57E-01	3.06E-01	2.41%	0.04%
202	16.83	5.04E-01	4.53E-01	0.49%	5.82%	1.77E-01	3.15E-01	2.71%	0.05%
203	16.92	5.27E-01	4.63E-01	0.51%	6.33%	1.97E-01	3.25E-01	3.02%	0.07%
204	17.00	5.50E-01	4.73E-01	0.53%	6.86%	2.18E-01	3.35E-01	3.34%	0.09%
205	17.08	5.73E-01	4.83E-01	0.55%	7.42%	2.40E-01	3.45E-01	3.68%	0.11%
206	17.17	5.95E-01	4.93E-01	0.57%	7.99%	2.63E-01	3.55E-01	4.03%	0.13%
207	17.25	6.16E-01	5.03E-01	0.60%	8.59%	2.86E-01	3.65E-01	4.38%	0.16%
208	17.33	6.37E-01	5.13E-01	0.62%	9.20%	3.10E-01	3.75E-01	4.75%	0.19%
209	17.42	6.57E-01	5.22E-01	0.64%	9.84%	3.34E-01	3.84E-01	5.11%	0.23%
210	17.50	6.77E-01	5.32E-01	0.65%	10.49%	3.58E-01	3.94E-01	5.49%	0.27%
211	17.58	6.96E-01	5.42E-01	0.67%	11.16%	3.82E-01	4.04E-01	5.86%	0.31%
212	17.67	7.13E-01	5.52E-01	0.69%	11.85%	4.07E-01	4.14E-01	6.24%	0.36%
213	17.75	7.31E-01	5.62E-01	0.71%	12.56%	4.31E-01	4.24E-01	6.61%	0.42%
214	17.83	7.47E-01	5.72E-01	0.72%	13.28%	4.56E-01	4.34E-01	6.98%	0.48%
215	17.92	7.62E-01	5.82E-01	0.74%	14.02%	4.80E-01	4.44E-01	7.35%	0.55%
216	18.00	7.77E-01	5.92E-01	0.75%	14.77%	5.04E-01	4.53E-01	7.72%	0.62%
217	18.08	7.91E-01	6.01E-01	0.76%	15.53%	5.27E-01	4.63E-01	8.08%	0.69%
218	18.17	8.04E-01	6.11E-01	0.78%	16.31%	5.50E-01	4.73E-01	8.43%	0.78%
219	18.25	8.16E-01	6.21E-01	0.79%	17.10%	5.73E-01	4.83E-01	8.78%	0.86%
220	18.33	8.27E-01	6.31E-01	0.80%	17.90%	5.95E-01	4.93E-01	9.12%	0.96%
221	18.42	8.38E-01	6.41E-01	0.81%	18.71%	6.16E-01	5.03E-01	9.45%	1.05%
222	18.50	8.48E-01	6.51E-01	0.82%	19.53%	6.37E-01	5.13E-01	9.77%	1.16%
223	18.58	8.56E-01	6.61E-01	0.83%	20.36%	6.57E-01	5.22E-01	10.07%	1.27%
224	18.67	8.64E-01	6.70E-01	0.84%	21.19%	6.77E-01	5.32E-01	10.37%	1.38%
225	18.75	8.72E-01	6.80E-01	0.84%	22.03%	6.96E-01	5.42E-01	10.66%	1.49%
226	18.83	8.78E-01	6.90E-01	0.85%	22.88%	7.13E-01	5.52E-01	10.93%	1.61%
227	18.92	8.84E-01	7.00E-01	0.85%	23.74%	7.31E-01	5.62E-01	11.20%	1.74%
228	19.00	8.89E-01	7.10E-01	0.86%	24.59%	7.47E-01	5.72E-01	11.45%	1.87%
229	19.08	8.93E-01	7.20E-01	0.86%	25.46%	7.62E-01	5.82E-01	11.68%	2.00%
230	19.17	8.96E-01	7.30E-01	0.87%	26.32%	7.77E-01	5.91E-01	11.91%	2.13%
231	19.25	8.99E-01	7.39E-01	0.87%	27.19%	7.91E-01	6.01E-01	12.12%	2.27%
232	19.33	9.01E-01	7.49E-01	0.87%	28.06%	8.04E-01	6.11E-01	12.32%	2.41%
233	19.42	9.03E-01	7.59E-01	0.87%	28.94%	8.16E-01	6.21E-01	12.51%	2.55%
234	19.50	9.04E-01	7.69E-01	0.87%	29.81%	8.27E-01	6.31E-01	12.68%	2.69%
235	19.58	9.04E-01	7.79E-01	0.87%	30.68%	8.38E-01	6.41E-01	12.84%	2.83%
236	19.67	9.04E-01	7.89E-01	0.87%	31.56%	8.48E-01	6.51E-01	12.99%	2.97%
237	19.75	9.03E-01	7.99E-01	0.87%	32.43%	8.56E-01	6.61E-01	13.12%	3.11%
238	19.83	9.02E-01	8.08E-01	0.87%	33.30%	8.64E-01	6.70E-01	13.25%	3.26%
239	19.92	9.00E-01	8.18E-01	0.87%	34.17%	8.72E-01	6.80E-01	13.36%	3.40%
240	20.00	8.97E-01	8.28E-01	0.87%	35.04%	8.78E-01	6.90E-01	13.46%	3.54%
241	20.08	8.94E-01	8.38E-01	0.86%	35.90%	8.84E-01	7.00E-01	13.54%	3.68%
242	20.17	8.91E-01	8.48E-01	0.86%	36.76%	8.89E-01	7.10E-01	13.62%	3.82%
243	20.25	8.87E-01	8.58E-01	0.86%	37.62%	8.93E-01	7.20E-01	13.68%	3.96%
244	20.33	8.83E-01	8.68E-01	0.85%	38.47%	8.96E-01	7.30E-01	13.74%	4.09%
245	20.42	8.79E-01	8.77E-01	0.85%	39.32%	8.99E-01	7.39E-01	13.78%	4.23%
246	20.50	8.74E-01	8.87E-01	0.84%	40.17%	9.01E-01	7.49E-01	13.81%	4.36%
247	20.58	8.69E-01	8.97E-01	0.84%	41.01%	9.03E-01	7.59E-01	13.84%	4.49%
248	20.67	8.63E-01	9.07E-01	0.83%	41.84%	9.04E-01	7.69E-01	13.85%	4.61%
249	20.75	8.57E-01	9.17E-01	0.83%	42.67%	9.04E-01	7.79E-01	13.85%	4.73%
250	20.83	8.51E-01	9.27E-01	0.82%	43.49%	9.04E-01	7.89E-01	13.85%	4.85%
251	20.92	8.45E-01	9.37E-01	0.82%	44.31%	9.03E-01	7.99E-01	13.84%	4.97%
252	21.00	8.38E-01	9.46E-01	0.81%	45.12%	9.02E-01	8.08E-01	13.82%	5.08%
253	21.08	8.31E-01	9.56E-01	0.80%	45.92%	9.00E-01	8.18E-01	13.79%	5.19%
254	21.17	8.24E-01	9.66E-01	0.80%	46.72%	8.97E-01	8.28E-01	13.75%	5.29%
255	21.25	8.17E-01	9.76E-01	0.79%	47.51%	8.94E-01	8.38E-01	13.71%	5.39%
256	21.33	8.09E-01	9.86E-01	0.78%	48.29%	8.91E-01	8.48E-01	13.66%	5.49%
257	21.42	8.01E-01	9.96E-01	0.77%	49.06%	8.87E-01	8.58E-01	13.60%	5.58%
258	21.50	7.93E-01	1.01E+00	0.77%	49.83%	8.83E-01	8.68E-01	13.54%	5.66%
259	21.58	7.85E-01	1.02E+00	0.76%	50.59%	8.79E-01	8.77E-01	13.47%	5.75%
260	21.67	7.77E-01	1.03E+00	0.75%	51.34%	8.74E-01	8.87E-01	13.39%	5.82%
261	21.75	7.69E-01	1.04E+00	0.74%	52.08%	8.69E-01	8.97E-01	13.31%	5.90%
262	21.83	7.61E-01	1.04E+00	0.74%	52.82%	8.63E-01	9.07E-01	13.23%	5.97%
263	21.92	7.52E-01	1.05E+00	0.73%	53.55%	8.57E-01	9.17E-01	13.14%	6.03%
264	22.00	7.44E-01	1.06E+00	0.72%	54.26%	8.51E-01	9.27E-01	13.04%	6.09%
265	22.08	7.35E-01	1.07E+00	0.71%	54.97%	8.45E-01	9.37E-01	12.94%	6.15%
266	22.17	7.26E-01	1.08E+00	0.70%	55.68%	8.38E-01	9.46E-01	12.84%	6.20%
267	22.25	7.17E-01	1.09E+00	0.69%	56.37%	8.31E-01	9.56E-01	12.73%	6.25%
268	22.33	7.09E-01	1.10E+00	0.68%	57.05%	8.24E-01	9.66E-01	12.63%	6.29%
269	22.42	7.00E-01	1.11E+00	0.68%	57.73%	8.17E-01	9.76E-01	12.51%	6.33%
270	22.50	6.91E-01	1.12E+00	0.67%	58.40%	8.09E-01	9.86E-01	12.40%	6.36%
271	22.58	6.82E-01	1.13E+00	0.66%	59.06%	8.01E-01	9.96E-01	12.28%	6.40%
272	22.67	6.73E-01	1.14E+00	0.65%	59.71%	7.93E-01	1.01E+00	12.16%	6.42%
273	22.75	6.64E-01	1.15E+00	0.64%	60.35%	7.85E-01	1.02E+00	12.04%	6.44%
274	22.83	6.55E-01	1.16E+00	0.63%	60.98%	7.77E-01	1.03E+00	11.91%	6.46%
275	22.92	6.46E-01	1.17E+00	0.62%	61.61%	7.69E-01	1.04E+00	11.78%	6.48%
276	23.00	6.37E-01	1.18E+00	0.62%	62.22%	7.61E-01	1.04E+00	11.65%	6.49%
277	23.08	6.29E-01	1.19E+00	0.61%	62.83%	7.52E-01	1.05E+00	11.52%	6.50%
278	23.17	6.20E-01	1.20E+00	0.60%	63.43%	7.44E-01	1.06E+00	11.39%	6.50%
279	23.25	6.11E-01	1.21E+00	0.59%	64.02%	7.35E-01	1.07E+00	11.26%	6.50%
280	23.33	6.02E-01	1.22E+00	0.58%	64.60%	7.26E-01	1.08E+00	11.13%	6.50%
281	23.42	5.93E-01	1.23E+00	0.57%	65.18%	7.17E-01	1.09E+00	10.99%	6.49%
282	23.50	5.85E-01	1.24E+00	0.57%	65.74%	7.09E-01	1.10E+00	10.86%	6.48%
283	23.58	5.76E-01	1.25E+00	0.56%	66.30%	7.00E-01	1.11E+00	10.72%	6.47%
284	23.67	5.67E-01	1.26E+00	0.55%	66.85%	6.91E-01	1.12E+00	10.59%	6.46%
285	23.75	5.59E-01	1.27E+00	0.54%	67.39%	6.82E-01	1.13E+00	10.45%	6.44%
286	23.83	5.50E-01	1.28E+00	0.53%	67.92%	6.73E-01	1.14E+00	10.31%	6.42%
287	23.92	5.42E-01	1.29E+00	0.52%	68.44%	6.64E-01	1.15E+00	10.18%	6.39%
288	24.00	5.34E-01	1.30E+00	0.52%	68.96%	6.55E-01	1.16E+00	10.04%	6.37%
289	24.08	5.25E-01	1.31E+00	0.51%	69.47%	6.46E-01	1.17E+00	9.90%	6.34%
290	24.17	5.17E-01	1.32E+00	0.50%	69.96%	6.37E-01	1.18E+00	9.77%	6.31%
291	24.25	5.09E-01	1.33E+00	0.49%	70.46%	6.29E-01	1.19E+00	9.63%	6.28%
292	24.33	5.01E-01	1.34E+00	0.48%	70.94%	6.20E-01	1.20E+00	9.50%	6.24%
293	24.42	4.93E-01	1.35E+00	0.48%	71.42%	6.11E-01	1.21E+00	9.36%	6.21%
294	24.50	4.85E-01	1.36E+00	0.47%	71.89%	6.02E-01	1.22E+00	9.23%	6.17%
295	24.58	4.77E-01	1.37E+00	0.46%	72.35%	5.93E-01	1.23E+00	9.09%	6.13%
296	24.67	4.70E-01	1.38E+00	0.45%	72.80%	5.85E-01	1.24E+00	8.96%	6.09%
297	24.75	4.62E-01	1.39E+00	0.45%	73.25%	5.76E-01	1.25E+00	8.83%	6.04%
298	24.83	4.55E-01	1.40E+00	0.44%	73.69%	5.67E-01	1.26E+00	8.70%	6.00%
299	24.92	4.47E-01	1.41E+00	0.43%	74.12%	5.59E-01	1.27E+00	8.56%	5.95%
300	25.00	4.40E-01	1.42E+00	0.42%	74.54%	5.50E-01	1.28E+00	8.44%	5.90%
301	25.08	4.32E-01	1.43E+00	0.42%	74.96%	5.42E-01	1.29E+00	8.31%	5.85%
302	25.17	4.25E-01	1.44E+00	0.41%	75.37%	5.34E-01	1.30E+00	8.18%	5.80%
303	25.25	4.18E-01	1.45E+00	0.40%	75.78%	5.25E-01	1.31E+00	8.05%	5.75%
304	25.33	4.11E-01	1.46E+00	0.40%	76.17%	5.17E-01	1.32E+00	7.93%	5.70%
305	25.42	4.04E-01	1.47E+00	0.39%	76.57%	5.09E-01	1.33E+00	7.80%	5.64%
306	25.50	3.97E-01	1.48E+00	0.38%	76.95%	5.01E-01	1.34E+00	7.68%	5.59%
307	25.58	3.91E-01	1.49E+00	0.38%	77.33%	4.93E-01	1.35E+00	7.56%	5.54%
308	25.67	3.84E-01	1.50E+00	0.37%	77.70%	4.85E-01	1.36E+00	7.44%	5.48%
309	25.75	3.77E-01	1.51E+00	0.36%	78.06%	4.77E-01	1.37E+00	7.32%	5.42%
310	25.83	3.71E-01	1.52E+00	0.36%	78.42%	4.70E-01	1.38E+00	7.20%	5.37%
311	25.92	3.64E-01	1.53E+00	0.35%	78.77%	4.62E-01	1.39E+00	7.08%	5.31%
312	26.00	3.58E-01	1.54E+00	0.35%	79.12%	4.55E-01	1.40E+00	6.97%	5.25%
313	26.08	3.52E-01	1.55E+00	0.34%	79.46%	4.47E-01	1.41E+00	6.85%	5.19%
314	26.17	3.46E-01	1.56E+00	0.33%	79.79%	4.40E-01	1.42E+00	6.74%	5.13%
315	26.25	3.40E-01	1.57E+00	0.33%	80.12%	4.32E-01	1.43E+00	6.63%	5.07%
316	26.33	3.34E-01	1.58E+00	0.32%	80.44%	4.25E-01	1.44E+00	6.52%	5.01%
317	26.42	3.28E-01	1.59E+00	0.32%	80.76%	4.18E-01	1.45E+00	6.41%	4.95%
318	26.50	3.22E-01	1.60E+00	0.31%	81.07%	4.11E-01	1.46E+00	6.30%	4.89%
319	26.58	3.17E-01	1.61E+00	0.31%	81.38%	4.04E-01	1.47E+00	6.19%	4.83%
320	26.67	3.11E-01	1.62E+00	0.30%	81.68%	3.97E-01	1.48E+00	6.09%	4.77%
321	26.75	3.06E-01	1.63E+00	0.30%	81.98%	3.91E-01	1.49E+00	5.98%	4.71%
322	26.83	3.00E-01	1.64E+00	0.29%	82.27%	3.84E-01	1.50E+00	5.88%	4.65%
323	26.92	2.95E-01	1.65E+00	0.28%	82.55%	3.77E-01	1.51E+00	5.78%	4.59%
324	27.00	2.90E-01	1.66E+00	0.28%	82.83%	3.71E-01	1.52E+00	5.68%	4.53%
325	27.08	2.84E-01	1.67E+00	0.27%	83.10%	3.64E-01	1.53E+00	5.59%	4.47%
326	27.17	2.79E-01	1.68E+00	0.27%	83.37%	3.58E-01	1.54E+00	5.49%	4.42%
327	27.25	2.74E-01	1.69E+00	0.27%	83.64%	3.52E-01	1.55E+00	5.39%	4.36%
328	27.33	2.69E-01	1.70E+00	0.26%	83.90%	3.46E-01	1.56E+00	5.30%	4.30%
329	27.42	2.65E-01	1.71E+00	0.26%	84.16%	3.40E-01	1.57E+00	5.21%	4.24%
330	27.50	2.60E-01	1.72E+00	0.25%	84.41%	3.34E-01	1.58E+00	5.12%	4.18%
331	27.58	2.55E-01	1.73E+00	0.25%	84.65%	3.28E-01	1.59E+00	5.03%	4.12%
332	27.67	2.51E-01	1.74E+00	0.24%	84.90%	3.22E-01	1.60E+00	4.94%	4.06%
333	27.75	2.46E-01	1.74E+00	0.24%	85.13%	3.17E-01	1.61E+00	4.85%	4.01%
334	27.83	2.42E-01	1.75E+00	0.23%	85.37%	3.11E-01	1.62E+00	4.77%	3.95%
335	27.92	2.37E-01	1.76E+00	0.23%	85.60%	3.06E-01	1.63E+00	4.68%	3.89%
336	28.00	2.33E-01	1.77E+00	0.23%	85.82%	3.00E-01	1.64E+00	4.60%	3.83%
337	28.08	2.29E-01	1.78E+00	0.22%	86.04%	2.95E-01	1.65E+00	4.52%	3.78%
338	28.17	2.25E-01	1.79E+00	0.22%	86.26%	2.90E-01	1.66E+00	4.44%	3.72%
339	28.25	2.20E-01	1.80E+00	0.21%	86.47%	2.84E-01	1.67E+00	4.36%	3.67%
340	28.33	2.16E-01	1.81E+00	0.21%	86.68%	2.79E-01	1.68E+00	4.28%	3.61%
341	28.42	2.12E-01	1.82E+00	0.21%	86.89%	2.74E-01	1.69E+00	4.20%	3.56%
342	28.50	2.09E-01	1.83E+00	0.20%	87.09%	2.69E-01	1.70E+00	4.13%	3.50%
343	28.58	2.05E-01	1.84E+00	0.20%	87.29%	2.65E-01	1.71E+00	4.05%	3.45%
344	28.67	2.01E-01	1.85E+00	0.19%	87.48%	2.60E-01	1.72E+00	3.98%	3.40%
345	28.75	1.97E-01	1.86E+00	0.19%	87.67%	2.55E-01	1.73E+00	3.91%	3.35%
346	28.83	1.94E-01	1.87E+00	0.19%	87.86%	2.51E-01	1.74E+00	3.84%	3.29%
347	28.92	1.90E-01	1.88E+00	0.18%	88.04%	2.46E-01	1.74E+00	3.77%	3.24%
348	29.00	1.87E-01	1.89E+00	0.18%	88.22%	2.42E-01	1.75E+00	3.70%	3.19%
349	29.08	1.83E-01	1.90E+00	0.18%	88.40%	2.37E-01	1.76E+00	3.63%	3.14%
350	29.17	1.80E-01	1.91E+00	0.17%	88.57%	2.33E-01	1.77E+00	3.57%	3.09%
351	29.25	1.77E-01	1.92E+00	0.17%	88.74%	2.29E-01	1.78E+00	3.50%	3.04%
352	29.33	1.73E-01	1.93E+00	0.17%	88.91%	2.25E-01	1.79E+00	3.44%	3.00%
353	29.42	1.70E-01	1.94E+00	0.16%	89.08%	2.20E-01	1.80E+00	3.38%	2.95%
354	29.50	1.67E-01	1.95E+00	0.16%	89.24%	2.16E-01	1.81E+00	3.32%	2.90%
355	29.58	1.64E-01	1.96E+00	0.16%	89.40%	2.12E-01	1.82E+00	3.26%	2.85%
356	29.67	1.61E-01	1.97E+00	0.16%	89.55%	2.09E-01	1.83E+00	3.20%	2.81%
357	29.75	1.58E-01	1.98E+00	0.15%	89.70%	2.05E-01	1.84E+00	3.14%	2.76%
358	29.83	1.55E-01	1.99E+00	0.15%	89.85%	2.01E-01	1.85E+00	3.08%	2.72%
359	29.92	1.52E-01	2.00E+00	0.15%	90.00%	1.97E-01	1.86E+00	3.02%	2.67%
360	30.00	1.49E-01	2.01E+00	0.14%	90.15%	1.94E-01	1.87E+00	2.97%	2.63%
361	30.08	1.47E-01	2.02E+00	0.14%	90.29%	1.90E-01	1.88E+00	2.91%	2.59%
362	30.17	1.44E-01	2.03E+00	0.14%	90.43%	1.87E-01	1.89E+00	2.86%	2.54%
363	30.25	1.41E-01	2.04E+00	0.14%	90.56%	1.83E-01	1.90E+00	2.81%	2.50%
364	30.33	1.39E-01	2.05E+00	0.13%	90.70%	1.80E-01	1.91E+00	2.76%	2.46%
365	30.42	1.36E-01	2.06E+00	0.13%	90.83%	1.77E-01	1.92E+00	2.71%	2.42%
366	30.50	1.34E-01	2.07E+00	0.13%	90.96%	1.73E-01	1.93E+00	2.66%	2.38%
367	30.58	1.31E-01	2.08E+00	0.13%	91.09%	1.70E-01	1.94E+00	2.61%	2.34%
368	30.67	1.29E-01	2.09E+00	0.12%	91.21%	1.67E-01	1.95E+00	2.56%	2.30%
369	30.75	1.26E-01	2.10E+00	0.12%	91.33%	1.64E-01	1.96E+00	2.51%	2.26%
370	30.83	1.24E-01	2.11E+00	0.12%	91.45%	1.61E-01	1.97E+00	2.47%	2.22%
371	30.92	1.22E-01	2.12E+00	0.12%	91.57%	1.58E-01	1.98E+00	2.42%	2.19%
372	31.00	1.20E-01	2.13E+00	0.12%	91.69%	1.55E-01	1.99E+00	2.38%	2.15%
373	31.08	1.17E-01	2.14E+00	0.11%	91.80%	1.52E-01	2.00E+00	2.33%	2.11%
374	31.17	1.15E-01	2.15E+00	0.11%	91.91%	1.49E-01	2.01E+00	2.29%	2.08%
375	31.25	1.13E-01	2.16E+00	0.11%	92.02%	1.47E-01	2.02E+00	2.25%	2.04%
376	31.33	1.11E-01	2.17E+00	0.11%	92.13%	1.44E-01	2.03E+00	2.21%	2.01%
377	31.42	1.09E-01	2.18E+00	0.11%	92.23%	1.41E-01	2.04E+00	2.17%	1.97%
378	31.50	1.07E-01	2.19E+00	0.10%	92.33%	1.39E-01	2.05E+00	2.13%	1.94%
379	31.58	1.05E-01	2.20E+00	0.10%	92.44%	1.36E-01	2.06E+00	2.09%	1.91%
380	31.67	1.03E-01	2.21E+00	0.10%	92.54%	1.34E-01	2.07E+00	2.05%	1.87%
381	31.75	1.01E-01	2.22E+00	0.10%	92.63%	1.31E-01	2.08E+00	2.01%	1.84%
382	31.83	9.92E-02	2.23E+00	0.10%	92.73%	1.29E-01	2.09E+00	1.97%	1.81%
383	31.92	9.74E-02	2.24E+00	0.09%	92.82%	1.26E-01	2.10E+00	1.94%	1.78%
384	32.00	9.56E-02	2.25E+00	0.09%	92.92%	1.24E-01	2.11E+00	1.90%	1.75%
385	32.08	9.38E-02	2.26E+00	0.09%	93.01%	1.22E-01	2.12E+00	1.87%	1.72%
386	32.17	9.21E-02	2.27E+00	0.09%	93.10%	1.20E-01	2.13E+00	1.83%	1.69%
387	32.25	9.04E-02	2.28E+00	0.09%	93.18%	1.17E-01	2.14E+00	1.80%	1.66%
388	32.33	8.87E-02	2.29E+00	0.09%	93.27%	1.15E-01	2.15E+00	1.76%	1.63%
389	32.42	8.71E-02	2.30E+00	0.08%	93.35%	1.13E-01	2.16E+00	1.73%	1.60%
390	32.50	8.55E-02	2.31E+00	0.08%	93.44%	1.11E-01	2.17E+00	1.70%	1.57%
391	32.58	8.39E-02	2.32E+00	0.08%	93.52%	1.09E-01	2.18E+00	1.67%	1.55%
392	32.67	8.24E-02	2.33E+00	0.08%	93.60%	1.07E-01	2.19E+00	1.64%	1.52%
393	32.75	8.09E-02	2.34E+00	0.08%	93.67%	1.05E-01	2.20E+00	1.61%	1.49%
394	32.83	7.94E-02	2.35E+00	0.08%	93.75%	1.03E-01	2.21E+00	1.58%	1.47%
395	32.92	7.79E-02	2.36E+00	0.08%	93.83%	1.01E-01	2.22E+00	1.55%	1.44%
396	33.00	7.65E-02	2.37E+00	0.07%	93.90%	9.92E-02	2.23E+00	1.52%	1.42%
397	33.08	7.51E-02	2.38E+00	0.07%	93.97%	9.74E-02	2.24E+00	1.49%	1.39%
398	33.17	7.37E-02	2.39E+00	0.07%	94.04%	9.56E-02	2.25E+00	1.46%	1.37%
399	33.25	7.24E-02	2.40E+00	0.07%	94.11%	9.38E-02	2.26E+00	1.44%	1.34%
400	33.33	7.11E-02	2.41E+00	0.07%	94.18%	9.21E-02	2.27E+00	1.41%	1.32%
401	33.42	6.98E-02	2.42E+00	0.07%	94.25%	9.04E-02	2.28E+00	1.39%	1.30%
402	33.50	6.85E-02	2.43E+00	0.07%	94.32%	8.87E-02	2.29E+00	1.36%	1.27%
403	33.58	6.72E-02	2.44E+00	0.06%	94.38%	8.71E-02	2.30E+00	1.33%	1.25%
404	33.67	6.60E-02	2.44E+00	0.06%	94.45%	8.55E-02	2.31E+00	1.31%	1.23%
405	33.75	6.48E-02	2.45E+00	0.06%	94.51%	8.39E-02	2.32E+00	1.29%	1.21%
406	33.83	6.36E-02	2.46E+00	0.06%	94.57%	8.24E-02	2.33E+00	1.26%	1.19%
407	33.92	6.24E-02	2.47E+00	0.06%	94.63%	8.09E-02	2.34E+00	1.24%	1.16%
408	34.00	6.13E-02	2.48E+00	0.06%	94.69%	7.94E-02	2.35E+00	1.22%	1.14%
409	34.08	6.02E-02	2.49E+00	0.06%	94.75%	7.79E-02	2.36E+00	1.19%	1.12%
410	34.17	5.91E-02	2.50E+00	0.06%	94.80%	7.65E-02	2.37E+00	1.17%	1.10%
411	34.25	5.80E-02	2.51E+00	0.06%	94.86%	7.51E-02	2.38E+00	1.15%	1.08%
412	34.33	5.70E-02	2.52E+00	0.06%	94.92%	7.37E-02	2.39E+00	1.13%	1.07%
413	34.42	5.59E-02	2.53E+00	0.05%	94.97%	7.24E-02	2.40E+00	1.11%	1.05%
414	34.50	5.49E-02	2.54E+00	0.05%	95.02%	7.11E-02	2.41E+00	1.09%	1.03%
415	34.58	5.39E-02	2.55E+00	0.05%	95.07%	6.98E-02	2.42E+00	1.07%	1.01%
416	34.67	5.29E-02	2.56E+00	0.05%	95.13%	6.85E-02	2.43E+00	1.05%	0.99%
417	34.75	5.20E-02	2.57E+00	0.05%	95.18%	6.72E-02	2.44E+00	1.03%	0.97%
418	34.83	5.10E-02	2.58E+00	0.05%	95.23%	6.60E-02	2.44E+00	1.01%	0.96%
419	34.92	5.01E-02	2.59E+00	0.05%	95.27%	6.48E-02	2.45E+00	0.99%	0.94%
420	35.00	4.92E-02	2.60E+00	0.05%	95.32%	6.36E-02	2.46E+00	0.97%	0.92%
421	35.08	4.83E-02	2.61E+00	0.05%	95.37%	6.24E-02	2.47E+00	0.96%	0.91%
422	35.17	4.74E-02	2.62E+00	0.05%	95.41%	6.13E-02	2.48E+00	0.94%	0.89%
423	35.25	4.66E-02	2.63E+00	0.05%	95.46%	6.02E-02	2.49E+00	0.92%	0.88%
424	35.33	4.57E-02	2.64E+00	0.04%	95.50%	5.91E-02	2.50E+00	0.91%	0.86%
425	35.42	4.49E-02	2.65E+00	0.04%	95.55%	5.80E-02	2.51E+00	0.89%	0.85%
426	35.50	4.41E-02	2.66E+00	0.04%	95.59%	5.70E-02	2.52E+00	0.87%	0.83%
427	35.58	4.33E-02	2.67E+00	0.04%	95.63%	5.59E-02	2.53E+00	0.86%	0.82%
428	35.67	4.25E-02	2.68E+00	0.04%	95.67%	5.49E-02	2.54E+00	0.84%	0.80%
429	35.75	4.17E-02	2.69E+00	0.04%	95.71%	5.39E-02	2.55E+00	0.83%	0.79%
430	35.83	4.10E-02	2.70E+00	0.04%	95.75%	5.29E-02	2.56E+00	0.81%	0.77%
431	35.92	4.03E-02	2.71E+00	0.04%	95.79%	5.20E-02	2.57E+00	0.80%	0.76%
432	36.00	3.95E-02	2.72E+00	0.04%	95.83%	5.10E-02	2.58E+00	0.78%	0.75%
433	36.08	3.88E-02	2.73E+00	0.04%	95.87%	5.01E-02	2.59E+00	0.77%	0.73%
434	36.17	3.81E-02	2.74E+00	0.04%	95.90%	4.92E-02	2.60E+00	0.75%	0.72%
435	36.25	3.74E-02	2.75E+00	0.04%	95.94%	4.83E-02	2.61E+00	0.74%	0.71%
436	36.33	3.68E-02	2.76E+00	0.04%	95.97%	4.74E-02	2.62E+00	0.73%	0.69%
437	36.42	3.61E-02	2.77E+00	0.03%	96.01%	4.66E-02	2.63E+00	0.71%	0.68%
438	36.50	3.55E-02	2.78E+00	0.03%	96.04%	4.57E-02	2.64E+00	0.70%	0.67%
439	36.58	3.48E-02	2.79E+00	0.03%	96.08%	4.49E-02	2.65E+00	0.69%	0.66%
440	36.67	3.42E-02	2.80E+00	0.03%	96.11%	4.41E-02	2.66E+00	0.68%	0.65%
441	36.75	3.36E-02	2.81E+00	0.03%	96.14%	4.33E-02	2.67E+00	0.66%	0.64%
442	36.83	3.30E-02	2.82E+00	0.03%	96.18%	4.25E-02	2.68E+00	0.65%	0.62%
443	36.92	3.24E-02	2.83E+00	0.03%	96.21%	4.17E-02	2.69E+00	0.64%	0.61%
444	37.00	3.18E-02	2.84E+00	0.03%	96.24%	4.10E-02	2.70E+00	0.63%	0.60%
445	37.08	3.13E-02	2.85E+00	0.03%	96.27%	4.03E-02	2.71E+00	0.62%	0.59%
446	37.17	3.07E-02	2.86E+00	0.03%	96.30%	3.95E-02	2.72E+00	0.61%	0.58%
447	37.25	3.02E-02	2.87E+00	0.03%	96.33%	3.88E-02	2.73E+00	0.59%	0.57%
448	37.33	2.96E-02	2.88E+00	0.03%	96.35%	3.81E-02	2.74E+00	0.58%	0.56%
449	37.42	2.91E-02	2.89E+00	0.03%	96.38%	3.74E-02	2.75E+00	0.57%	0.55%
450	37.50	2.86E-02	2.90E+00	0.03%	96.41%	3.68E-02	2.76E+00	0.56%	0.54%
451	37.58	2.81E-02	2.91E+00	0.03%	96.44%	3.61E-02	2.77E+00	0.55%	0.53%
452	37.67	2.76E-02	2.92E+00	0.03%	96.46%	3.55E-02	2.78E+00	0.54%	0.52%
453	37.75	2.71E-02	2.93E+00	0.03%	96.49%	3.48E-02	2.79E+00	0.53%	0.51%
454	37.83	2.66E-02	2.94E+00	0.03%	96.52%	3.42E-02	2.80E+00	0.52%	0.50%
455	37.92	2.61E-02	2.95E+00	0.03%	96.54%	3.36E-02	2.81E+00	0.51%	0.50%
456	38.00	2.57E-02	2.96E+00	0.02%	96.57%	3.30E-02	2.82E+00	0.51%	0.49%
457	38.08	2.52E-02	2.97E+00	0.02%	96.59%	3.24E-02	2.83E+00	0.50%	0.48%
458	38.17	2.48E-02	2.98E+00	0.02%	96.61%	3.18E-02	2.84E+00	0.49%	0.47%
459	38.25	2.44E-02	2.99E+00	0.02%	96.64%	3.13E-02	2.85E+00	0.48%	0.46%
460	38.33	2.39E-02	3.00E+00	0.02%	96.66%	3.07E-02	2.86E+00	0.47%	0.45%
461	38.42	2.35E-02	3.01E+00	0.02%	96.68%	3.02E-02	2.87E+00	0.46%	0.45%
462	38.50	2.31E-02	3.02E+00	0.02%	96.71%	2.96E-02	2.88E+00	0.45%	0.44%
463	38.58	2.27E-02	3.03E+00	0.02%	96.73%	2.91E-02	2.89E+00	0.45%	0.43%
464	38.67	2.23E-02	3.04E+00	0.02%	96.75%	2.86E-02	2.90E+00	0.44%	0.42%
465	38.75	2.19E-02	3.05E+00	0.02%	96.77%	2.81E-02	2.91E+00	0.43%	0.42%
466	38.83	2.15E-02	3.06E+00	0.02%	96.79%	2.76E-02	2.92E+00	0.42%	0.41%
467	38.92	2.11E-02	3.07E+00	0.02%	96.81%	2.71E-02	2.93E+00	0.42%	0.40%
468	39.00	2.08E-02	3.08E+00	0.02%	96.83%	2.66E-02	2.94E+00	0.41%	0.39%
469	39.08	2.04E-02	3.09E+00	0.02%	96.85%	2.61E-02	2.95E+00	0.40%	0.39%
470	39.17	2.01E-02	3.10E+00	0.02%	96.87%	2.57E-02	2.96E+00	0.39%	0.38%
471	39.25	1.97E-02	3.11E+00	0.02%	96.89%	2.52E-02	2.97E+00	0.39%	0.37%
472	39.33	1.94E-02	3.12E+00	0.02%	96.91%	2.48E-02	2.98E+00	0.38%	0.37%
473	39.42	1.90E-02	3.13E+00	0.02%	96.93%	2.44E-02	2.99E+00	0.37%	0.36%
474	39.50	1.87E-02	3.13E+00	0.02%	96.95%	2.39E-02	3.00E+00	0.37%	0.35%
475	39.58	1.84E-02	3.14E+00	0.02%	96.96%	2.35E-02	3.01E+00	0.36%	0.35%
476	39.67	1.81E-02	3.15E+00	0.02%	96.98%	2.31E-02	3.02E+00	0.35%	0.34%
477	39.75	1.77E-02	3.16E+00	0.02%	97.00%	2.27E-02	3.03E+00	0.35%	0.34%
478	39.83	1.74E-02	3.17E+00	0.02%	97.01%	2.23E-02	3.04E+00	0.34%	0.33%
479	39.92	1.71E-02	3.18E+00	0.02%	97.03%	2.19E-02	3.05E+00	0.34%	0.33%
480	40.00	1.68E-02	3.19E+00	0.02%	97.05%	2.15E-02	3.06E+00	0.33%	0.32%
481	40.08	1.65E-02	3.20E+00	0.02%	97.06%	2.11E-02	3.07E+00	0.32%	0.31%
482	40.17	1.63E-02	3.21E+00	0.02%	97.08%	2.08E-02	3.08E+00	0.32%	0.31%
483	40.25	1.60E-02	3.22E+00	0.02%	97.09%	2.04E-02	3.09E+00	0.31%	0.30%
484	40.33	1.57E-02	3.23E+00	0.02%	97.11%	2.01E-02	3.10E+00	0.31%	0.30%
485	40.42	1.54E-02	3.24E+00	0.01%	97.12%	1.97E-02	3.11E+00	0.30%	0.29%
486	40.50	1.52E-02	3.25E+00	0.01%	97.14%	1.94E-02	3.12E+00	0.30%	0.29%
487	40.58	1.49E-02	3.26E+00	0.01%	97.15%	1.90E-02	3.13E+00	0.29%	0.28%
488	40.67	1.47E-02	3.27E+00	0.01%	97.17%	1.87E-02	3.13E+00	0.29%	0.28%
489	40.75	1.44E-02	3.28E+00	0.01%	97.18%	1.84E-02	3.14E+00	0.28%	0.27%
490	40.83	1.42E-02	3.29E+00	0.01%	97.20%	1.81E-02	3.15E+00	0.28%	0.27%
491	40.92	1.39E-02	3.30E+00	0.01%	97.21%	1.77E-02	3.16E+00	0.27%	0.26%
492	41.00	1.37E-02	3.31E+00	0.01%	97.22%	1.74E-02	3.17E+00	0.27%	0.26%
493	41.08	1.34E-02	3.32E+00	0.01%	97.24%	1.71E-02	3.18E+00	0.26%	0.25%
494	41.17	1.32E-02	3.33E+00	0.01%	97.25%	1.68E-02	3.19E+00	0.26%	0.25%
495	41.25	1.30E-02	3.34E+00	0.01%	97.26%	1.65E-02	3.20E+00	0.25%	0.25%
496	41.33	1.28E-02	3.35E+00	0.01%	97.27%	1.63E-02	3.21E+00	0.25%	0.24%
497	41.42	1.25E-02	3.36E+00	0.01%	97.29%	1.60E-02	3.22E+00	0.24%	0.24%
498	41.50	1.23E-02	3.37E+00	0.01%	97.30%	1.57E-02	3.23E+00	0.24%	0.23%
499	41.58	1.21E-02	3.38E+00	0.01%	97.31%	1.54E-02	3.24E+00	0.24%	0.23%
500	41.67	1.19E-02	3.39E+00	0.01%	97.32%	1.52E-02	3.25E+00	0.23%	0.23%
501	41.75	1.17E-02	3.40E+00	0.01%	97.33%	1.49E-02	3.26E+00	0.23%	0.22%
502	41.83	1.15E-02	3.41E+00	0.01%	97.34%	1.47E-02	3.27E+00	0.22%	0.22%
503	41.92	1.13E-02	3.42E+00	0.01%	97.35%	1.44E-02	3.28E+00	0.22%	0.21%
504	42.00	1.11E-02	3.43E+00	0.01%	97.36%	1.42E-02	3.29E+00	0.22%	0.21%
505	42.08	1.09E-02	3.44E+00	0.01%	97.38%	1.39E-02	3.30E+00	0.21%	0.21%
506	42.17	1.08E-02	3.45E+00	0.01%	97.39%	1.37E-02	3.31E+00	0.21%	0.20%
507	42.25	1.06E-02	3.46E+00	0.01%	97.40%	1.34E-02	3.32E+00	0.21%	0.20%
508	42.33	1.04E-02	3.47E+00	0.01%	97.41%	1.32E-02	3.33E+00	0.20%	0.20%
509	42.42	1.02E-02	3.48E+00	0.01%	97.42%	1.30E-02	3.34E+00	0.20%	0.19%
510	42.50	1.01E-02	3.49E+00	0.01%	97.43%	1.28E-02	3.35E+00	0.20%	0.19%
511	42.58	9.88E-03	3.50E+00	0.01%	97.43%	1.25E-02	3.36E+00	0.19%	0.19%
512	42.67	9.72E-03	3.51E+00	0.01%	97.44%	1.23E-02	3.37E+00	0.19%	0.18%
513	42.75	9.55E-03	3.52E+00	0.01%	97.45%	1.21E-02	3.38E+00	0.19%	0.18%
514	42.83	9.39E-03	3.53E+00	0.01%	97.46%	1.19E-02	3.39E+00	0.18%	0.18%
515	42.92	9.24E-03	3.54E+00	0.01%	97.47%	1.17E-02	3.40E+00	0.18%	0.17%
516	43.00	9.08E-03	3.55E+00	0.01%	97.48%	1.15E-02	3.41E+00	0.18%	0.17%
517	43.08	8.93E-03	3.56E+00	0.01%	97.49%	1.13E-02	3.42E+00	0.17%	0.17%
518	43.17	8.78E-03	3.57E+00	0.01%	97.50%	1.11E-02	3.43E+00	0.17%	0.17%
519	43.25	8.64E-03	3.58E+00	0.01%	97.51%	1.09E-02	3.44E+00	0.17%	0.16%
520	43.33	8.49E-03	3.59E+00	0.01%	97.51%	1.08E-02	3.45E+00	0.16%	0.16%
521	43.42	8.35E-03	3.60E+00	0.01%	97.52%	1.06E-02	3.46E+00	0.16%	0.16%
522	43.50	8.21E-03	3.61E+00	0.01%	97.53%	1.04E-02	3.47E+00	0.16%	0.16%
523	43.58	8.08E-03	3.62E+00	0.01%	97.54%	1.02E-02	3.48E+00	0.16%	0.15%
524	43.67	7.94E-03	3.63E+00	0.01%	97.55%	1.01E-02	3.49E+00	0.15%	0.15%
525	43.75	7.81E-03	3.64E+00	0.01%	97.55%	9.88E-03	3.50E+00	0.15%	0.15%
526	43.83	7.68E-03	3.65E+00	0.01%	97.56%	9.72E-03	3.51E+00	0.15%	0.15%
527	43.92	7.55E-03	3.66E+00	0.01%	97.57%	9.55E-03	3.52E+00	0.15%	0.14%
528	44.00	7.43E-03	3.67E+00	0.01%	97.57%	9.39E-03	3.53E+00	0.14%	0.14%
529	44.08	7.31E-03	3.68E+00	0.01%	97.58%	9.24E-03	3.54E+00	0.14%	0.14%
530	44.17	7.19E-03	3.69E+00	0.01%	97.59%	9.08E-03	3.55E+00	0.14%	0.14%
531	44.25	7.07E-03	3.70E+00	0.01%	97.60%	8.93E-03	3.56E+00	0.14%	0.13%
532	44.33	6.95E-03	3.71E+00	0.01%	97.60%	8.78E-03	3.57E+00	0.13%	0.13%
533	44.42	6.84E-03	3.72E+00	0.01%	97.61%	8.64E-03	3.58E+00	0.13%	0.13%
534	44.50	6.72E-03	3.73E+00	0.01%	97.62%	8.49E-03	3.59E+00	0.13%	0.13%
535	44.58	6.61E-03	3.74E+00	0.01%	97.62%	8.35E-03	3.60E+00	0.13%	0.12%
536	44.67	6.50E-03	3.75E+00	0.01%	97.63%	8.21E-03	3.61E+00	0.13%	0.12%
537	44.75	6.40E-03	3.76E+00	0.01%	97.63%	8.08E-03	3.62E+00	0.12%	0.12%
538	44.83	6.29E-03	3.77E+00	0.01%	97.64%	7.94E-03	3.63E+00	0.12%	0.12%
539	44.92	6.19E-03	3.78E+00	0.01%	97.65%	7.81E-03	3.64E+00	0.12%	0.12%
540	45.00	6.09E-03	3.79E+00	0.01%	97.65%	7.68E-03	3.65E+00	0.12%	0.11%
541	45.08	5.99E-03	3.80E+00	0.01%	97.66%	7.55E-03	3.66E+00	0.12%	0.11%
542	45.17	5.89E-03	3.81E+00	0.01%	97.66%	7.43E-03	3.67E+00	0.11%	0.11%
543	45.25	5.80E-03	3.82E+00	0.01%	97.67%	7.31E-03	3.68E+00	0.11%	0.11%
544	45.33	5.70E-03	3.83E+00	0.01%	97.67%	7.19E-03	3.69E+00	0.11%	0.11%
545	45.42	5.61E-03	3.83E+00	0.01%	97.68%	7.07E-03	3.70E+00	0.11%	0.11%
546	45.50	5.52E-03	3.84E+00	0.01%	97.69%	6.95E-03	3.71E+00	0.11%	0.10%
547	45.58	5.43E-03	3.85E+00	0.01%	97.69%	6.84E-03	3.72E+00	0.10%	0.10%
548	45.67	5.34E-03	3.86E+00	0.01%	97.70%	6.72E-03	3.73E+00	0.10%	0.10%
549	45.75	5.25E-03	3.87E+00	0.01%	97.70%	6.61E-03	3.74E+00	0.10%	0.10%
550	45.83	5.17E-03	3.88E+00	0.00%	97.71%	6.50E-03	3.75E+00	0.10%	0.10%
551	45.92	5.09E-03	3.89E+00	0.00%	97.71%	6.40E-03	3.76E+00	0.10%	0.10%
552	46.00	5.00E-03	3.90E+00	0.00%	97.72%	6.29E-03	3.77E+00	0.10%	0.09%
553	46.08	4.92E-03	3.91E+00	0.00%	97.72%	6.19E-03	3.78E+00	0.09%	0.09%
554	46.17	4.84E-03	3.92E+00	0.00%	97.73%	6.09E-03	3.79E+00	0.09%	0.09%
555	46.25	4.76E-03	3.93E+00	0.00%	97.73%	5.99E-03	3.80E+00	0.09%	0.09%
556	46.33	4.69E-03	3.94E+00	0.00%	97.73%	5.89E-03	3.81E+00	0.09%	0.09%
557	46.42	4.61E-03	3.95E+00	0.00%	97.74%	5.80E-03	3.82E+00	0.09%	0.09%
558	46.50	4.54E-03	3.96E+00	0.00%	97.74%	5.70E-03	3.83E+00	0.09%	0.09%
559	46.58	4.47E-03	3.97E+00	0.00%	97.75%	5.61E-03	3.83E+00	0.09%	0.08%
560	46.67	4.39E-03	3.98E+00	0.00%	97.75%	5.52E-03	3.84E+00	0.08%	0.08%
561	46.75	4.32E-03	3.99E+00	0.00%	97.76%	5.43E-03	3.85E+00	0.08%	0.08%
562	46.83	4.25E-03	4.00E+00	0.00%	97.76%	5.34E-03	3.86E+00	0.08%	0.08%
563	46.92	4.19E-03	4.01E+00	0.00%	97.76%	5.25E-03	3.87E+00	0.08%	0.08%
564	47.00	4.12E-03	4.02E+00	0.00%	97.77%	5.17E-03	3.88E+00	0.08%	0.08%
565	47.08	4.05E-03	4.03E+00	0.00%	97.77%	5.09E-03	3.89E+00	0.08%	0.08%
566	47.17	3.99E-03	4.04E+00	0.00%	97.78%	5.00E-03	3.90E+00	0.08%	0.07%
567	47.25	3.93E-03	4.05E+00	0.00%	97.78%	4.92E-03	3.91E+00	0.08%	0.07%
568	47.33	3.86E-03	4.06E+00	0.00%	97.78%	4.84E-03	3.92E+00	0.07%	0.07%
569	47.42	3.80E-03	4.07E+00	0.00%	97.79%	4.76E-03	3.93E+00	0.07%	0.07%
570	47.50	3.74E-03	4.08E+00	0.00%	97.79%	4.69E-03	3.94E+00	0.07%	0.07%
571	47.58	3.68E-03	4.09E+00	0.00%	97.79%	4.61E-03	3.95E+00	0.07%	0.07%
572	47.67	3.62E-03	4.10E+00	0.00%	97.80%	4.54E-03	3.96E+00	0.07%	0.07%
573	47.75	3.57E-03	4.11E+00	0.00%	97.80%	4.47E-03	3.97E+00	0.07%	0.07%
574	47.83	3.51E-03	4.12E+00	0.00%	97.80%	4.39E-03	3.98E+00	0.07%	0.07%
575	47.92	3.45E-03	4.13E+00	0.00%	97.81%	4.32E-03	3.99E+00	0.07%	0.06%
576	48.00	3.40E-03	4.14E+00	0.00%	97.81%	4.25E-03	4.00E+00	0.07%	0.06%
577	48.08	3.35E-03	4.15E+00	0.00%	97.81%	4.19E-03	4.01E+00	0.06%	0.06%
578	48.17	3.29E-03	4.16E+00	0.00%	97.82%	4.12E-03	4.02E+00	0.06%	0.06%
579	48.25	3.24E-03	4.17E+00	0.00%	97.82%	4.05E-03	4.03E+00	0.06%	0.06%
580	48.33	3.19E-03	4.18E+00	0.00%	97.82%	3.99E-03	4.04E+00	0.06%	0.06%
581	48.42	3.14E-03	4.19E+00	0.00%	97.83%	3.93E-03	4.05E+00	0.06%	0.06%
582	48.50	3.09E-03	4.20E+00	0.00%	97.83%	3.86E-03	4.06E+00	0.06%	0.06%
583	48.58	3.04E-03	4.21E+00	0.00%	97.83%	3.80E-03	4.07E+00	0.06%	0.06%
584	48.67	2.99E-03	4.22E+00	0.00%	97.84%	3.74E-03	4.08E+00	0.06%	0.06%
585	48.75	2.95E-03	4.23E+00	0.00%	97.84%	3.68E-03	4.09E+00	0.06%	0.06%
586	48.83	2.90E-03	4.24E+00	0.00%	97.84%	3.62E-03	4.10E+00	0.06%	0.05%
587	48.92	2.86E-03	4.25E+00	0.00%	97.84%	3.57E-03	4.11E+00	0.05%	0.05%
588	49.00	2.81E-03	4.26E+00	0.00%	97.85%	3.51E-03	4.12E+00	0.05%	0.05%
589	49.08	2.77E-03	4.27E+00	0.00%	97.85%	0.00E+00	1.00E-100	0.00%	0.00%
590	49.17	2.72E-03	4.28E+00	0.00%	97.85%	0.00E+00	1.00E-100	0.00%	0.00%
591	49.25	2.68E-03	4.29E+00	0.00%	97.85%	0.00E+00	1.00E-100	0.00%	0.00%
592	49.33	2.64E-03	4.30E+00	0.00%	97.86%	0.00E+00	1.00E-100	0.00%	0.00%
593	49.42	2.60E-03	4.31E+00	0.00%	97.86%	0.00E+00	1.00E-100	0.00%	0.00%
594	49.50	2.56E-03	4.32E+00	0.00%	97.86%	0.00E+00	1.00E-100	0.00%	0.00%
595	49.58	2.52E-03	4.33E+00	0.00%	97.86%	0.00E+00	1.00E-100	0.00%	0.00%
596	49.67	2.48E-03	4.34E+00	0.00%	97.87%	0.00E+00	1.00E-100	0.00%	0.00%
597	49.75	2.44E-03	4.35E+00	0.00%	97.87%	0.00E+00	1.00E-100	0.00%	0.00%
598	49.83	2.40E-03	4.36E+00	0.00%	97.87%	0.00E+00	1.00E-100	0.00%	0.00%
599	49.92	2.37E-03	4.37E+00	0.00%	97.87%	0.00E+00	1.00E-100	0.00%	0.00%
600	50.00	2.33E-03	4.38E+00	0.00%	97.88%	0E+00	1.00E-100	0.00%	0.00%
601	50.08	2.29E-03	4.39E+00	0.00%	97.88%	0E+00	1.00E-100	0.00%	0.00%
602	50.17	2.26E-03	4.40E+00	0.00%	97.88%	0E+00	1.00E-100	0.00%	0.00%
603	50.25	2.22E-03	4.41E+00	0.00%	97.88%	0E+00	1.00E-100	0.00%	0.00%
604	50.33	2.19E-03	4.42E+00	0.00%	97.89%	0E+00	1.00E-100	0.00%	0.00%
605	50.42	2.16E-03	4.43E+00	0.00%	97.89%	0E+00	1.00E-100	0.00%	0.00%
606	50.50	2.12E-03	4.44E+00	0.00%	97.89%	0E+00	1.00E-100	0.00%	0.00%
607	50.58	2.09E-03	4.45E+00	0.00%	97.89%	0E+00	1.00E-100	0.00%	0.00%
608	50.67	2.06E-03	4.46E+00	0.00%	97.89%	0E+00	1.00E-100	0.00%	0.00%
609	50.75	2.03E-03	4.47E+00	0.00%	97.90%	0E+00	1.00E-100	0.00%	0.00%
610	50.83	2.00E-03	4.48E+00	0.00%	97.90%	0E+00	1.00E-100	0.00%	0.00%
611	50.92	1.97E-03	4.49E+00	0.00%	97.90%	0E+00	1.00E-100	0.00%	0.00%
612	51.00	1.94E-03	4.50E+00	0.00%	97.90%	0E+00	1.00E-100	0.00%	0.00%
613	51.08	1.91E-03	4.51E+00	0.00%	97.90%	0E+00	1.00E-100	0.00%	0.00%
614	51.17	1.88E-03	4.52E+00	0.00%	97.90%	0E+00	1.00E-100	0.00%	0.00%
615	51.25	1.85E-03	4.52E+00	0.00%	97.91%	0E+00	1.00E-100	0.00%	0.00%
616	51.33	1.82E-03	4.53E+00	0.00%	97.91%	0E+00	1.00E-100	0.00%	0.00%
617	51.42	1.79E-03	4.54E+00	0.00%	97.91%	0E+00	1.00E-100	0.00%	0.00%
618	51.50	1.77E-03	4.55E+00	0.00%	97.91%	0E+00	1.00E-100	0.00%	0.00%
619	51.58	1.74E-03	4.56E+00	0.00%	97.91%	0E+00	1.00E-100	0.00%	0.00%
620	51.67	1.71E-03	4.57E+00	0.00%	97.91%	0E+00	1.00E-100	0.00%	0.00%
621	51.75	1.69E-03	4.58E+00	0.00%	97.92%	0E+00	1.00E-100	0.00%	0.00%
622	51.83	1.66E-03	4.59E+00	0.00%	97.92%	0E+00	1.00E-100	0.00%	0.00%
623	51.92	1.64E-03	4.60E+00	0.00%	97.92%	0E+00	1.00E-100	0.00%	0.00%
624	52.00	1.61E-03	4.61E+00	0.00%	97.92%	0E+00	1.00E-100	0.00%	0.00%
625	52.08	1.59E-03	4.62E+00	0.00%	97.92%	0E+00	1.00E-100	0.00%	0.00%
626	52.17	1.56E-03	4.63E+00	0.00%	97.92%	0E+00	1.00E-100	0.00%	0.00%
627	52.25	1.54E-03	4.64E+00	0.00%	97.93%	0E+00	1.00E-100	0.00%	0.00%
628	52.33	1.52E-03	4.65E+00	0.00%	97.93%	0E+00	1.00E-100	0.00%	0.00%
629	52.42	1.49E-03	4.66E+00	0.00%	97.93%	0E+00	1.00E-100	0.00%	0.00%
630	52.50	1.47E-03	4.67E+00	0.00%	97.93%	0E+00	1.00E-100	0.00%	0.00%
631	52.58	1.45E-03	4.68E+00	0.00%	97.93%	0E+00	1.00E-100	0.00%	0.00%
632	52.67	1.43E-03	4.69E+00	0.00%	97.93%	0E+00	1.00E-100	0.00%	0.00%
633	52.75	1.41E-03	4.70E+00	0.00%	97.93%	0E+00	1.00E-100	0.00%	0.00%
634	52.83	1.39E-03	4.71E+00	0.00%	97.94%	0E+00	1.00E-100	0.00%	0.00%
635	52.92	1.36E-03	4.72E+00	0.00%	97.94%	0E+00	1.00E-100	0.00%	0.00%
636	53.00	1.34E-03	4.73E+00	0.00%	97.94%	0E+00	1.00E-100	0.00%	0.00%
637	53.08	1.32E-03	4.74E+00	0.00%	97.94%	0E+00	1.00E-100	0.00%	0.00%
638	53.17	1.30E-03	4.75E+00	0.00%	97.94%	0E+00	1.00E-100	0.00%	0.00%
639	53.25	1.28E-03	4.76E+00	0.00%	97.94%	0E+00	1.00E-100	0.00%	0.00%
640	53.33	1.27E-03	4.77E+00	0.00%	97.94%	0E+00	1.00E-100	0.00%	0.00%
641	53.42	1.25E-03	4.78E+00	0.00%	97.94%	0E+00	1.00E-100	0.00%	0.00%
642	53.50	1.23E-03	4.79E+00	0.00%	97.95%	0E+00	1.00E-100	0.00%	0.00%
643	53.58	1.21E-03	4.80E+00	0.00%	97.95%	0E+00	1.00E-100	0.00%	0.00%
644	53.67	1.19E-03	4.81E+00	0.00%	97.95%	0E+00	1.00E-100	0.00%	0.00%
645	53.75	1.17E-03	4.82E+00	0.00%	97.95%	0E+00	1.00E-100	0.00%	0.00%
646	53.83	1.16E-03	4.83E+00	0.00%	97.95%	0E+00	1.00E-100	0.00%	0.00%
647	53.92	1.14E-03	4.84E+00	0.00%	97.95%	0E+00	1.00E-100	0.00%	0.00%
648	54.00	1.12E-03	4.85E+00	0.00%	97.95%	0E+00	1.00E-100	0.00%	0.00%
649	54.08	1.11E-03	4.86E+00	0.00%	97.95%	0E+00	1.00E-100	0.00%	0.00%
650	54.17	1.09E-03	4.87E+00	0.00%	97.95%	0E+00	1.00E-100	0.00%	0.00%
651	54.25	1.07E-03	4.88E+00	0.00%	97.96%	0E+00	1.00E-100	0.00%	0.00%
652	54.33	1.06E-03	4.89E+00	0.00%	97.96%	0E+00	1.00E-100	0.00%	0.00%
653	54.42	1.04E-03	4.90E+00	0.00%	97.96%	0E+00	1.00E-100	0.00%	0.00%
654	54.50	1.03E-03	4.91E+00	0.00%	97.96%	0E+00	1.00E-100	0.00%	0.00%
655	54.58	1.01E-03	4.92E+00	0.00%	97.96%	0E+00	1.00E-100	0.00%	0.00%
656	54.67	9.98E-04	4.93E+00	0.00%	97.96%	0E+00	1.00E-100	0.00%	0.00%
657	54.75	9.83E-04	4.94E+00	0.00%	97.96%	0E+00	1.00E-100	0.00%	0.00%
658	54.83	9.69E-04	4.95E+00	0.00%	97.96%	0E+00	1.00E-100	0.00%	0.00%
659	54.92	9.55E-04	4.96E+00	0.00%	97.96%	0E+00	1.00E-100	0.00%	0.00%
660	55.00	9.41E-04	4.97E+00	0.00%	97.96%	0E+00	1.00E-100	0.00%	0.00%
661	55.08	9.27E-04	4.98E+00	0.00%	97.97%	0E+00	1.00E-100	0.00%	0.00%
662	55.17	9.13E-04	4.99E+00	0.00%	97.97%	0E+00	1.00E-100	0.00%	0.00%
663	55.25	9.00E-04	5.00E+00	0.00%	97.97%	0E+00	1.00E-100	0.00%	0.00%
664	55.33	8.87E-04	5.01E+00	0.00%	97.97%	0E+00	1.00E-100	0.00%	0.00%
665	55.42	8.74E-04	5.02E+00	0.00%	97.97%	0E+00	1.00E-100	0.00%	0.00%
666	55.50	8.61E-04	5.03E+00	0.00%	97.97%	0E+00	1.00E-100	0.00%	0.00%
667	55.58	8.49E-04	5.04E+00	0.00%	97.97%	0E+00	1.00E-100	0.00%	0.00%
668	55.67	8.37E-04	5.05E+00	0.00%	97.97%	0E+00	1.00E-100	0.00%	0.00%
669	55.75	8.24E-04	5.06E+00	0.00%	97.97%	0E+00	1.00E-100	0.00%	0.00%
670	55.83	8.12E-04	5.07E+00	0.00%	97.97%	0E+00	1.00E-100	0.00%	0.00%
671	55.92	8.01E-04	5.08E+00	0.00%	97.97%	0E+00	1.00E-100	0.00%	0.00%
672	56.00	7.89E-04	5.09E+00	0.00%	97.97%	0E+00	1.00E-100	0.00%	0.00%
673	56.08	7.78E-04	5.10E+00	0.00%	97.97%	0E+00	1.00E-100	0.00%	0.00%
674	56.17	7.67E-04	5.11E+00	0.00%	97.98%	0E+00	1.00E-100	0.00%	0.00%
675	56.25	7.55E-04	5.12E+00	0.00%	97.98%	0E+00	1.00E-100	0.00%	0.00%
676	56.33	7.45E-04	5.13E+00	0.00%	97.98%	0E+00	1.00E-100	0.00%	0.00%
677	56.42	7.34E-04	5.14E+00	0.00%	97.98%	0E+00	1.00E-100	0.00%	0.00%
678	56.50	7.23E-04	5.15E+00	0.00%	97.98%	0E+00	1.00E-100	0.00%	0.00%
679	56.58	7.13E-04	5.16E+00	0.00%	97.98%	0E+00	1.00E-100	0.00%	0.00%
680	56.67	7.03E-04	5.17E+00	0.00%	97.98%	0E+00	1.00E-100	0.00%	0.00%
681	56.75	6.93E-04	5.18E+00	0.00%	97.98%	0E+00	1.00E-100	0.00%	0.00%
682	56.83	6.83E-04	5.19E+00	0.00%	97.98%	0E+00	1.00E-100	0.00%	0.00%
683	56.92	6.73E-04	5.20E+00	0.00%	97.98%	0E+00	1.00E-100	0.00%	0.00%
684	57.00	6.63E-04	5.21E+00	0.00%	97.98%	0E+00	1.00E-100	0.00%	0.00%
685	57.08	6.54E-04	5.22E+00	0.00%	97.98%	0E+00	1.00E-100	0.00%	0.00%
686	57.17	6.45E-04	5.22E+00	0.00%	97.98%	0E+00	1.00E-100	0.00%	0.00%
687	57.25	6.35E-04	5.23E+00	0.00%	97.98%	0E+00	1.00E-100	0.00%	0.00%
688	57.33	6.26E-04	5.24E+00	0.00%	97.98%	0E+00	1.00E-100	0.00%	0.00%
689	57.42	6.17E-04	5.25E+00	0.00%	97.99%	0E+00	1.00E-100	0.00%	0.00%
690	57.50	6.09E-04	5.26E+00	0.00%	97.99%	0E+00	1.00E-100	0.00%	0.00%
691	57.58	6.00E-04	5.27E+00	0.00%	97.99%	0E+00	1.00E-100	0.00%	0.00%
692	57.67	5.91E-04	5.28E+00	0.00%	97.99%	0E+00	1.00E-100	0.00%	0.00%
693	57.75	5.83E-04	5.29E+00	0.00%	97.99%	0E+00	1.00E-100	0.00%	0.00%
694	57.83	5.75E-04	5.30E+00	0.00%	97.99%	0E+00	1.00E-100	0.00%	0.00%
695	57.92	5.67E-04	5.31E+00	0.00%	97.99%	0E+00	1.00E-100	0.00%	0.00%
696	58.00	5.59E-04	5.32E+00	0.00%	97.99%	0E+00	1.00E-100	0.00%	0.00%
697	58.08	5.51E-04	5.33E+00	0.00%	97.99%	0E+00	1.00E-100	0.00%	0.00%
698	58.17	5.43E-04	5.34E+00	0.00%	97.99%	0E+00	1.00E-100	0.00%	0.00%
699	58.25	5.35E-04	5.35E+00	0.00%	97.99%	0E+00	1.00E-100	0.00%	0.00%
700	58.33	5.28E-04	5.36E+00	0.00%	97.99%	0E+00	1.00E-100	0.00%	0.00%
701	58.42	5.20E-04	5.37E+00	0.00%	97.99%	0E+00	1.00E-100	0.00%	0.00%
702	58.50	5.13E-04	5.38E+00	0.00%	97.99%	0E+00	1.00E-100	0.00%	0.00%
703	58.58	5.06E-04	5.39E+00	0.00%	97.99%	0E+00	1.00E-100	0.00%	0.00%
704	58.67	4.99E-04	5.40E+00	0.00%	97.99%	0E+00	1.00E-100	0.00%	0.00%
705	58.75	4.92E-04	5.41E+00	0.00%	97.99%	0E+00	1.00E-100	0.00%	0.00%
706	58.83	4.85E-04	5.42E+00	0.00%	97.99%	0E+00	1.00E-100	0.00%	0.00%
707	58.92	4.78E-04	5.43E+00	0.00%	97.99%	0E+00	1.00E-100	0.00%	0.00%
708	59.00	4.71E-04	5.44E+00	0.00%	98.00%	0E+00	1.00E-100	0.00%	0.00%
709	59.08	4.65E-04	5.45E+00	0.00%	98.00%	0E+00	1.00E-100	0.00%	0.00%
710	59.17	4.58E-04	5.46E+00	0.00%	98.00%	0E+00	1.00E-100	0.00%	0.00%
711	59.25	4.52E-04	5.47E+00	0.00%	98.00%	0E+00	1.00E-100	0.00%	0.00%
712	59.33	4.46E-04	5.48E+00	0.00%	98.00%	0E+00	1.00E-100	0.00%	0.00%
713	59.42	4.39E-04	5.49E+00	0.00%	98.00%	0E+00	1.00E-100	0.00%	0.00%
714	59.50	4.33E-04	5.50E+00	0.00%	98.00%	0E+00	1.00E-100	0.00%	0.00%
715	59.58	4.27E-04	5.51E+00	0.00%	98.00%	0E+00	1.00E-100	0.00%	0.00%
716	59.67	4.21E-04	5.52E+00	0.00%	98.00%	0E+00	1.00E-100	0.00%	0.00%
717	59.75	4.15E-04	5.53E+00	0.00%	98.00%	0E+00	1.00E-100	0.00%	0.00%
718	59.83	4.10E-04	5.54E+00	0.00%	98.00%	0E+00	1.00E-100	0.00%	0.00%
719	59.92	4.04E-04	5.55E+00	0.00%	98.00%	0E+00	1.00E-100	0.00%	0.00%
720	60.00	0.00E+00	1.00E-100	0.00%	98.00%	0E+00	1.00E-100	0.00%	0.00%
721	60.08	0	1.00E-100	0.00%	98.00%	0E+00	1.00E-100	0.00%	0.00%
722	60.17	0	1.00E-100	0.00%	98.00%	0E+00	1.00E-100	0.00%	0.00%
723	60.25	0	1.00E-100	0.00%	98.00%	0E+00	1.00E-100	0.00%	0.00%
724	60.33	0	1.00E-100	0.00%	98.00%	0E+00	1.00E-100	0.00%	0.00%
725	60.42	0	1.00E-100	0.00%	98.00%	0E+00	1.00E-100	0.00%	0.00%
726	60.50	0	1.00E-100	0.00%	98.00%	0E+00	1.00E-100	0.00%	0.00%
727	60.58	0	1.00E-100	0.00%	98.00%	0E+00	1.00E-100	0.00%	0.00%
728	60.67	0	1.00E-100	0.00%	98.00%	0E+00	1.00E-100	0.00%	0.00%
729	60.75	0	1.00E-100	0.00%	98.00%	0E+00	1.00E-100	0.00%	0.00%
730	60.83	0	1.00E-100	0.00%	98.00%	0E+00	1.00E-100	0.00%	0.00%
731	60.92	0	1.00E-100	0.00%	98.00%	0E+00	1.00E-100	0.00%	0.00%
732	61.00	0	1.00E-100	0.00%	98.00%	0E+00	1.00E-100	0.00%	0.00%
733	61.08	0	1.00E-100	0.00%	98.00%	0E+00	1.00E-100	0.00%	0.00%
734	61.17	0	1.00E-100	0.00%	98.00%	0E+00	1.00E-100	0.00%	0.00%
735	61.25	0	1.00E-100	0.00%	98.00%	0E+00	1.00E-100	0.00%	0.00%
736	61.33	0	1.00E-100	0.00%	98.00%	0E+00	1.00E-100	0.00%	0.00%
737	61.42	0	1.00E-100	0.00%	98.00%	0E+00	1.00E-100	0.00%	0.00%
738	61.50	0	1.00E-100	0.00%	98.00%	0E+00	1.00E-100	0.00%	0.00%
739	61.58	0	1.00E-100	0.00%	98.00%	0E+00	1.00E-100	0.00%	0.00%
740	61.67	0	1.00E-100	0.00%	98.00%	0E+00	1.00E-100	0.00%	0.00%
741	61.75	0	1.00E-100	0.00%	98.00%	0E+00	1.00E-100	0.00%	0.00%
742	61.83	0	1.00E-100	0.00%	98.00%	0E+00	1.00E-100	0.00%	0.00%
743	61.92	0	1.00E-100	0.00%	98.00%	0E+00	1.00E-100	0.00%	0.00%
744	62.00	0	1.00E-100	0.00%	98.00%	0E+00	1.00E-100	0.00%	0.00%
745	62.08	0	1.00E-100	0.00%	98.00%	0E+00	1.00E-100	0.00%	0.00%
746	62.17	0	1.00E-100	0.00%	98.00%	0E+00	1.00E-100	0.00%	0.00%
747	62.25	0	1.00E-100	0.00%	98.00%	0E+00	1.00E-100	0.00%	0.00%
748	62.33	0	1.00E-100	0.00%	98.00%	0E+00	1.00E-100	0.00%	0.00%
749	62.42	0	1.00E-100	0.00%	98.00%	0E+00	1.00E-100	0.00%	0.00%
750	62.50	0	1.00E-100	0.00%	98.00%	0E+00	1.00E-100	0.00%	0.00%
751	62.58	0	1.00E-100	0.00%	98.00%	0E+00	1.00E-100	0.00%	0.00%
752	62.67	0	1.00E-100	0.00%	98.00%	0E+00	1.00E-100	0.00%	0.00%
753	62.75	0	1.00E-100	0.00%	98.00%	0E+00	1.00E-100	0.00%	0.00%
754	62.83	0	1.00E-100	0.00%	98.00%	0E+00	1.00E-100	0.00%	0.00%
755	62.92	0	1.00E-100	0.00%	98.00%	0E+00	1.00E-100	0.00%	0.00%
756	63.00	0	1.00E-100	0.00%	98.00%	0E+00	1.00E-100	0.00%	0.00%
757	63.08	0	1.00E-100	0.00%	98.00%	0E+00	1.00E-100	0.00%	0.00%
758	63.17	0	1.00E-100	0.00%	98.00%	0E+00	1.00E-100	0.00%	0.00%
759	63.25	0	1.00E-100	0.00%	98.00%	0E+00	1.00E-100	0.00%	0.00%
760	63.33	0	1.00E-100	0.00%	98.00%	0E+00	1.00E-100	0.00%	0.00%
761	63.42	0	1.00E-100	0.00%	98.00%	0E+00	1.00E-100	0.00%	0.00%
762	63.50	0	1.00E-100	0.00%	98.00%	0E+00	1.00E-100	0.00%	0.00%
763	63.58	0	1.00E-100	0.00%	98.00%	0E+00	1.00E-100	0.00%	0.00%
764	63.67	0	1.00E-100	0.00%	98.00%	0E+00	1.00E-100	0.00%	0.00%
765	63.75	0	1.00E-100	0.00%	98.00%	0E+00	1.00E-100	0.00%	0.00%
766	63.83	0	1.00E-100	0.00%	98.00%	0E+00	1.00E-100	0.00%	0.00%
767	63.92	0	1.00E-100	0.00%	98.00%	0E+00	1.00E-100	0.00%	0.00%
768	64.00	0	1.00E-100	0.00%	98.00%	0E+00	1.00E-100	0.00%	0.00%
769	64.08	0	1.00E-100	0.00%	98.00%	0E+00	1.00E-100	0.00%	0.00%
770	64.17	0	1.00E-100	0.00%	98.00%	0E+00	1.00E-100	0.00%	0.00%
771	64.25	0	1.00E-100	0.00%	98.00%	0E+00	1.00E-100	0.00%	0.00%
772	64.33	0	1.00E-100	0.00%	98.00%	0E+00	1.00E-100	0.00%	0.00%
773	64.42	0	1.00E-100	0.00%	98.00%	0E+00	1.00E-100	0.00%	0.00%
774	64.50	0	1.00E-100	0.00%	98.00%	0E+00	1.00E-100	0.00%	0.00%
775	64.58	0	1.00E-100	0.00%	98.00%	0E+00	1.00E-100	0.00%	0.00%
776	64.67	0	1.00E-100	0.00%	98.00%	0E+00	1.00E-100	0.00%	0.00%
777	64.75	0	1.00E-100	0.00%	98.00%	0E+00	1.00E-100	0.00%	0.00%
778	64.83	0	1.00E-100	0.00%	98.00%	0E+00	1.00E-100	0.00%	0.00%
779	64.92	0	1.00E-100	0.00%	98.00%	0E+00	1.00E-100	0.00%	0.00%
780	65.00	0	1.00E-100	0.00%	98.00%	0E+00	1.00E-100	0.00%	0.00%
781	65.08	0	1.00E-100	0.00%	98.00%	0E+00	1.00E-100	0.00%	0.00%
782	65.17	0	1.00E-100	0.00%	98.00%	0E+00	1.00E-100	0.00%	0.00%
783	65.25	0	1.00E-100	0.00%	98.00%	0E+00	1.00E-100	0.00%	0.00%
784	65.33	0	1.00E-100	0.00%	98.00%	0E+00	1.00E-100	0.00%	0.00%
785	65.42	0	1.00E-100	0.00%	98.00%	0E+00	1.00E-100	0.00%	0.00%
786	65.50	0	1.00E-100	0.00%	98.00%	0E+00	1.00E-100	0.00%	0.00%
787	65.58	0	1.00E-100	0.00%	98.00%	0E+00	1.00E-100	0.00%	0.00%
788	65.67	0	1.00E-100	0.00%	98.00%	0E+00	1.00E-100	0.00%	0.00%
789	65.75	0	1.00E-100	0.00%	98.00%	0E+00	1.00E-100	0.00%	0.00%
790	65.83	0	1.00E-100	0.00%	98.00%	0E+00	1.00E-100	0.00%	0.00%
791	65.92	0	1.00E-100	0.00%	98.00%	0E+00	1.00E-100	0.00%	0.00%
792	66.00	0	1.00E-100	0.00%	98.00%	0E+00	1.00E-100	0.00%	0.00%
793	66.08	0	1.00E-100	0.00%	98.00%	0E+00	1.00E-100	0.00%	0.00%
794	66.17	0	1.00E-100	0.00%	98.00%	0E+00	1.00E-100	0.00%	0.00%
795	66.25	0	1.00E-100	0.00%	98.00%	0E+00	1.00E-100	0.00%	0.00%
796	66.33	0	1.00E-100	0.00%	98.00%	0E+00	1.00E-100	0.00%	0.00%
797	66.42	0	1.00E-100	0.00%	98.00%	0E+00	1.00E-100	0.00%	0.00%
798	66.50	0	1.00E-100	0.00%	98.00%	0E+00	1.00E-100	0.00%	0.00%
799	66.58	0	1.00E-100	0.00%	98.00%	0E+00	1.00E-100	0.00%	0.00%
800	66.67	0	1.00E-100	0.00%	98.00%	0E+00	1.00E-100	0.00%	0.00%
801	66.75	0	1.00E-100	0.00%	98.00%	0E+00	1.00E-100	0.00%	0.00%
802	66.83	0	1.00E-100	0.00%	98.00%	0E+00	1.00E-100	0.00%	0.00%
803	66.92	0	1.00E-100	0.00%	98.00%	0E+00	1.00E-100	0.00%	0.00%
804	67.00	0	1.00E-100	0.00%	98.00%	0E+00	1.00E-100	0.00%	0.00%
805	67.08	0	1.00E-100	0.00%	98.00%	0E+00	1.00E-100	0.00%	0.00%
806	67.17	0	1.00E-100	0.00%	98.00%	0E+00	1.00E-100	0.00%	0.00%
807	67.25	0	1.00E-100	0.00%	98.00%	0E+00	1.00E-100	0.00%	0.00%
808	67.33	0	1.00E-100	0.00%	98.00%	0E+00	1.00E-100	0.00%	0.00%
809	67.42	0	1.00E-100	0.00%	98.00%	0E+00	1.00E-100	0.00%	0.00%
810	67.50	0	1.00E-100	0.00%	98.00%	0E+00	1.00E-100	0.00%	0.00%
811	67.58	0	1.00E-100	0.00%	98.00%	0E+00	1.00E-100	0.00%	0.00%
812	67.67	0	1.00E-100	0.00%	98.00%	0E+00	1.00E-100	0.00%	0.00%
813	67.75	0	1.00E-100	0.00%	98.00%	0E+00	1.00E-100	0.00%	0.00%
814	67.83	0	1.00E-100	0.00%	98.00%	0E+00	1.00E-100	0.00%	0.00%
815	67.92	0	1.00E-100	0.00%	98.00%	0E+00	1.00E-100	0.00%	0.00%
816	68.00	0	1.00E-100	0.00%	98.00%	0E+00	1.00E-100	0.00%	0.00%
817	68.08	0	1.00E-100	0.00%	98.00%	0E+00	1.00E-100	0.00%	0.00%
818	68.17	0	1.00E-100	0.00%	98.00%	0E+00	1.00E-100	0.00%	0.00%
819	68.25	0	1.00E-100	0.00%	98.00%	0E+00	1.00E-100	0.00%	0.00%
820	68.33	0	1.00E-100	0.00%	98.00%	0E+00	1.00E-100	0.00%	0.00%
821	68.42	0	1.00E-100	0.00%	98.00%	0E+00	1.00E-100	0.00%	0.00%
822	68.50	0	1.00E-100	0.00%	98.00%	0E+00	1.00E-100	0.00%	0.00%
823	68.58	0	1.00E-100	0.00%	98.00%	0E+00	1.00E-100	0.00%	0.00%
824	68.67	0	1.00E-100	0.00%	98.00%	0E+00	1.00E-100	0.00%	0.00%
825	68.75	0	1.00E-100	0.00%	98.00%	0E+00	1.00E-100	0.00%	0.00%
826	68.83	0	1.00E-100	0.00%	98.00%	0E+00	1.00E-100	0.00%	0.00%
827	68.92	0	1.00E-100	0.00%	98.00%	0E+00	1.00E-100	0.00%	0.00%
828	69.00	0	1.00E-100	0.00%	98.00%	0E+00	1.00E-100	0.00%	0.00%
829	69.08	0	1.00E-100	0.00%	98.00%	0E+00	1.00E-100	0.00%	0.00%
830	69.17	0	1.00E-100	0.00%	98.00%	0E+00	1.00E-100	0.00%	0.00%
831	69.25	0	1.00E-100	0.00%	98.00%	0E+00	1.00E-100	0.00%	0.00%
832	69.33	0	1.00E-100	0.00%	98.00%	0E+00	1.00E-100	0.00%	0.00%
833	69.42	0	1.00E-100	0.00%	98.00%	0E+00	1.00E-100	0.00%	0.00%
834	69.50	0	1.00E-100	0.00%	98.00%	0E+00	1.00E-100	0.00%	0.00%
835	69.58	0	1.00E-100	0.00%	98.00%	0E+00	1.00E-100	0.00%	0.00%
836	69.67	0	1.00E-100	0.00%	98.00%	0E+00	1.00E-100	0.00%	0.00%
837	69.75	0	1.00E-100	0.00%	98.00%	0E+00	1.00E-100	0.00%	0.00%
838	69.83	0	1.00E-100	0.00%	98.00%	0E+00	1.00E-100	0.00%	0.00%
839	69.92	0	1.00E-100	0.00%	98.00%	0E+00	1.00E-100	0.00%	0.00%
840	70.00	0	1.00E-100	0.00%	98.00%	0E+00	1.00E-100	0.00%	0.00%
841	70.08	0	1.00E-100	0.00%	98.00%	0E+00	1.00E-100	0.00%	0.00%
842	70.17	0	1.00E-100	0.00%	98.00%	0E+00	1.00E-100	0.00%	0.00%
843	70.25	0	1.00E-100	0.00%	98.00%	0E+00	1.00E-100	0.00%	0.00%
844	70.33	0	1.00E-100	0.00%	98.00%	0E+00	1.00E-100	0.00%	0.00%
845	70.42	0	1.00E-100	0.00%	98.00%	0E+00	1.00E-100	0.00%	0.00%
846	70.50	0	1.00E-100	0.00%	98.00%	0E+00	1.00E-100	0.00%	0.00%
847	70.58	0	1.00E-100	0.00%	98.00%	0E+00	1.00E-100	0.00%	0.00%
848	70.67	0	1.00E-100	0.00%	98.00%	0E+00	1.00E-100	0.00%	0.00%
849	70.75	0	1.00E-100	0.00%	98.00%	0E+00	1.00E-100	0.00%	0.00%
850	70.83	0	1.00E-100	0.00%	98.00%	0E+00	1.00E-100	0.00%	0.00%
851	70.92	0	1.00E-100	0.00%	98.00%	0E+00	1.00E-100	0.00%	0.00%
852	71.00	0	1.00E-100	0.00%	98.00%	0E+00	1.00E-100	0.00%	0.00%
853	71.08	0	1.00E-100	0.00%	98.00%	0E+00	1.00E-100	0.00%	0.00%
854	71.17	0	1.00E-100	0.00%	98.00%	0E+00	1.00E-100	0.00%	0.00%
855	71.25	0	1.00E-100	0.00%	98.00%	0E+00	1.00E-100	0.00%	0.00%
856	71.33	0	1.00E-100	0.00%	98.00%	0E+00	1.00E-100	0.00%	0.00%
857	71.42	0	1.00E-100	0.00%	98.00%	0E+00	1.00E-100	0.00%	0.00%
858	71.50	0	1.00E-100	0.00%	98.00%	0E+00	1.00E-100	0.00%	0.00%
859	71.58	0	1.00E-100	0.00%	98.00%	0E+00	1.00E-100	0.00%	0.00%
860	71.67	0	1.00E-100	0.00%	98.00%	0E+00	1.00E-100	0.00%	0.00%
861	71.75	0	1.00E-100	0.00%	98.00%	0E+00	1.00E-100	0.00%	0.00%
862	71.83	0	1.00E-100	0.00%	98.00%	0E+00	1.00E-100	0.00%	0.00%
863	71.92	0	1.00E-100	0.00%	98.00%	0E+00	1.00E-100	0.00%	0.00%
864	72.00	0	1.00E-100	0.00%	98.00%	0E+00	1.00E-100	0.00%	0.00%
865	72.08	0	1.00E-100	0.00%	98.00%	0E+00	1.00E-100	0.00%	0.00%
866	72.17	0	1.00E-100	0.00%	98.00%	0E+00	1.00E-100	0.00%	0.00%
867	72.25	0	1.00E-100	0.00%	98.00%	0E+00	1.00E-100	0.00%	0.00%
868	72.33	0	1.00E-100	0.00%	98.00%	0E+00	1.00E-100	0.00%	0.00%
869	72.42	0	1.00E-100	0.00%	98.00%	0E+00	1.00E-100	0.00%	0.00%
870	72.50	0	1.00E-100	0.00%	98.00%	0E+00	1.00E-100	0.00%	0.00%
871	72.58	0	1.00E-100	0.00%	98.00%	0E+00	1.00E-100	0.00%	0.00%
872	72.67	0	1.00E-100	0.00%	98.00%	0E+00	1.00E-100	0.00%	0.00%
873	72.75	0	1.00E-100	0.00%	98.00%	0E+00	1.00E-100	0.00%	0.00%
874	72.83	0	1.00E-100	0.00%	98.00%	0E+00	1.00E-100	0.00%	0.00%
875	72.92	0	1.00E-100	0.00%	98.00%	0E+00	1.00E-100	0.00%	0.00%
876	73.00	0	1.00E-100	0.00%	98.00%	0E+00	1.00E-100	0.00%	0.00%
877	73.08	0	1.00E-100	0.00%	98.00%	0E+00	1.00E-100	0.00%	0.00%
878	73.17	0	1.00E-100	0.00%	98.00%	0E+00	1.00E-100	0.00%	0.00%
879	73.25	0	1.00E-100	0.00%	98.00%	0E+00	1.00E-100	0.00%	0.00%
880	73.33	0	1.00E-100	0.00%	98.00%	0E+00	1.00E-100	0.00%	0.00%
881	73.42	0	1.00E-100	0.00%	98.00%	0E+00	1.00E-100	0.00%	0.00%
882	73.50	0	1.00E-100	0.00%	98.00%	0E+00	1.00E-100	0.00%	0.00%
883	73.58	0	1.00E-100	0.00%	98.00%	0E+00	1.00E-100	0.00%	0.00%
884	73.67	0	1.00E-100	0.00%	98.00%	0E+00	1.00E-100	0.00%	0.00%
885	73.75	0	1.00E-100	0.00%	98.00%	0E+00	1.00E-100	0.00%	0.00%
886	73.83	0	1.00E-100	0.00%	98.00%	0E+00	1.00E-100	0.00%	0.00%
887	73.92	0	1.00E-100	0.00%	98.00%	0E+00	1.00E-100	0.00%	0.00%
888	74.00	0	1.00E-100	0.00%	98.00%	0E+00	1.00E-100	0.00%	0.00%
889	74.08	0	1.00E-100	0.00%	98.00%	0E+00	1.00E-100	0.00%	0.00%
890	74.17	0	1.00E-100	0.00%	98.00%	0E+00	1.00E-100	0.00%	0.00%
891	74.25	0	1.00E-100	0.00%	98.00%	0E+00	1.00E-100	0.00%	0.00%
892	74.33	0	1.00E-100	0.00%	98.00%	0E+00	1.00E-100	0.00%	0.00%
893	74.42	0	1.00E-100	0.00%	98.00%	0E+00	1.00E-100	0.00%	0.00%
894	74.50	0	1.00E-100	0.00%	98.00%	0E+00	1.00E-100	0.00%	0.00%
895	74.58	0	1.00E-100	0.00%	98.00%	0E+00	1.00E-100	0.00%	0.00%
896	74.67	0	1.00E-100	0.00%	98.00%	0E+00	1.00E-100	0.00%	0.00%
897	74.75	0	1.00E-100	0.00%	98.00%	0E+00	1.00E-100	0.00%	0.00%
898	74.83	0	1.00E-100	0.00%	98.00%	0E+00	1.00E-100	0.00%	0.00%
899	74.92	0	1.00E-100	0.00%	98.00%	0E+00	1.00E-100	0.00%	0.00%
900	75.00	0	1.00E-100	0.00%	98.00%	0E+00	1.00E-100	0.00%	0.00%
901	75.08	0	1.00E-100	0.00%	98.00%	0E+00	1.00E-100	0.00%	0.00%
902	75.17	0	1.00E-100	0.00%	98.00%	0E+00	1.00E-100	0.00%	0.00%
903	75.25	0	1.00E-100	0.00%	98.00%	0E+00	1.00E-100	0.00%	0.00%
904	75.33	0	1.00E-100	0.00%	98.00%	0E+00	1.00E-100	0.00%	0.00%
905	75.42	0	1.00E-100	0.00%	98.00%	0E+00	1.00E-100	0.00%	0.00%
906	75.50	0	1.00E-100	0.00%	98.00%	0E+00	1.00E-100	0.00%	0.00%
907	75.58	0	1.00E-100	0.00%	98.00%	0E+00	1.00E-100	0.00%	0.00%
908	75.67	0	1.00E-100	0.00%	98.00%	0E+00	1.00E-100	0.00%	0.00%
909	75.75	0	1.00E-100	0.00%	98.00%	0E+00	1.00E-100	0.00%	0.00%
910	75.83	0	1.00E-100	0.00%	98.00%	0E+00	1.00E-100	0.00%	0.00%
911	75.92	0	1.00E-100	0.00%	98.00%	0E+00	1.00E-100	0.00%	0.00%
912	76.00	0	1.00E-100	0.00%	98.00%	0E+00	1.00E-100	0.00%	0.00%
913	76.08	0	1.00E-100	0.00%	98.00%	0E+00	1.00E-100	0.00%	0.00%
914	76.17	0	1.00E-100	0.00%	98.00%	0E+00	1.00E-100	0.00%	0.00%
915	76.25	0	1.00E-100	0.00%	98.00%	0E+00	1.00E-100	0.00%	0.00%
916	76.33	0	1.00E-100	0.00%	98.00%	0E+00	1.00E-100	0.00%	0.00%
917	76.42	0	1.00E-100	0.00%	98.00%	0E+00	1.00E-100	0.00%	0.00%
918	76.50	0	1.00E-100	0.00%	98.00%	0E+00	1.00E-100	0.00%	0.00%
919	76.58	0	1.00E-100	0.00%	98.00%	0E+00	1.00E-100	0.00%	0.00%
920	76.67	0	1.00E-100	0.00%	98.00%	0E+00	1.00E-100	0.00%	0.00%
921	76.75	0	1.00E-100	0.00%	98.00%	0E+00	1.00E-100	0.00%	0.00%
922	76.83	0	1.00E-100	0.00%	98.00%	0E+00	1.00E-100	0.00%	0.00%
923	76.92	0	1.00E-100	0.00%	98.00%	0E+00	1.00E-100	0.00%	0.00%
924	77.00	0	1.00E-100	0.00%	98.00%	0E+00	1.00E-100	0.00%	0.00%
925	77.08	0	1.00E-100	0.00%	98.00%	0E+00	1.00E-100	0.00%	0.00%
926	77.17	0	1.00E-100	0.00%	98.00%	0E+00	1.00E-100	0.00%	0.00%
927	77.25	0	1.00E-100	0.00%	98.00%	0E+00	1.00E-100	0.00%	0.00%
928	77.33	0	1.00E-100	0.00%	98.00%	0E+00	1.00E-100	0.00%	0.00%
929	77.42	0	1.00E-100	0.00%	98.00%	0E+00	1.00E-100	0.00%	0.00%
930	77.50	0	1.00E-100	0.00%	98.00%	0E+00	1.00E-100	0.00%	0.00%
931	77.58	0	1.00E-100	0.00%	98.00%	0E+00	1.00E-100	0.00%	0.00%
932	77.67	0	1.00E-100	0.00%	98.00%	0E+00	1.00E-100	0.00%	0.00%
933	77.75	0	1.00E-100	0.00%	98.00%	0E+00	1.00E-100	0.00%	0.00%
934	77.83	0	1.00E-100	0.00%	98.00%	0E+00	1.00E-100	0.00%	0.00%
935	77.92	0	1.00E-100	0.00%	98.00%	0E+00	1.00E-100	0.00%	0.00%
936	78.00	0	1.00E-100	0.00%	98.00%	0E+00	1.00E-100	0.00%	0.00%
937	78.08	0	1.00E-100	0.00%	98.00%	0E+00	1.00E-100	0.00%	0.00%
938	78.17	0	1.00E-100	0.00%	98.00%	0E+00	1.00E-100	0.00%	0.00%
939	78.25	0	1.00E-100	0.00%	98.00%	0E+00	1.00E-100	0.00%	0.00%
940	78.33	0	1.00E-100	0.00%	98.00%	0E+00	1.00E-100	0.00%	0.00%
941	78.42	0	1.00E-100	0.00%	98.00%	0E+00	1.00E-100	0.00%	0.00%
942	78.50	0	1.00E-100	0.00%	98.00%	0E+00	1.00E-100	0.00%	0.00%
943	78.58	0	1.00E-100	0.00%	98.00%	0E+00	1.00E-100	0.00%	0.00%
944	78.67	0	1.00E-100	0.00%	98.00%	0E+00	1.00E-100	0.00%	0.00%
945	78.75	0	1.00E-100	0.00%	98.00%	0E+00	1.00E-100	0.00%	0.00%
946	78.83	0	1.00E-100	0.00%	98.00%	0E+00	1.00E-100	0.00%	0.00%
947	78.92	0	1.00E-100	0.00%	98.00%	0E+00	1.00E-100	0.00%	0.00%
948	79.00	0	1.00E-100	0.00%	98.00%	0E+00	1.00E-100	0.00%	0.00%
949	79.08	0	1.00E-100	0.00%	98.00%	0E+00	1.00E-100	0.00%	0.00%
950	79.17	0	1.00E-100	0.00%	98.00%	0E+00	1.00E-100	0.00%	0.00%
951	79.25	0	1.00E-100	0.00%	98.00%	0E+00	1.00E-100	0.00%	0.00%
952	79.33	0	1.00E-100	0.00%	98.00%	0E+00	1.00E-100	0.00%	0.00%
953	79.42	0	1.00E-100	0.00%	98.00%	0E+00	1.00E-100	0.00%	0.00%
954	79.50	0	1.00E-100	0.00%	98.00%	0E+00	1.00E-100	0.00%	0.00%
955	79.58	0	1.00E-100	0.00%	98.00%	0E+00	1.00E-100	0.00%	0.00%
956	79.67	0	1.00E-100	0.00%	98.00%	0E+00	1.00E-100	0.00%	0.00%
957	79.75	0	1.00E-100	0.00%	98.00%	0E+00	1.00E-100	0.00%	0.00%
958	79.83	0	1.00E-100	0.00%	98.00%	0E+00	1.00E-100	0.00%	0.00%
959	79.92	0	1.00E-100	0.00%	98.00%	0E+00	1.00E-100	0.00%	0.00%
960	80.00	0	1.00E-100	0.00%	98.00%	0E+00	1.00E-100	0.00%	0.00%
961	80.08	0	1.00E-100	0.00%	98.00%	0E+00	1.00E-100	0.00%	0.00%
962	80.17	0	1.00E-100	0.00%	98.00%	0E+00	1.00E-100	0.00%	0.00%
963	80.25	0	1.00E-100	0.00%	98.00%	0E+00	1.00E-100	0.00%	0.00%
964	80.33	0	1.00E-100	0.00%	98.00%	0E+00	1.00E-100	0.00%	0.00%
965	80.42	0	1.00E-100	0.00%	98.00%	0E+00	1.00E-100	0.00%	0.00%
966	80.50	0	1.00E-100	0.00%	98.00%	0E+00	1.00E-100	0.00%	0.00%
967	80.58	0	1.00E-100	0.00%	98.00%	0E+00	1.00E-100	0.00%	0.00%
968	80.67	0	1.00E-100	0.00%	98.00%	0E+00	1.00E-100	0.00%	0.00%
969	80.75	0	1.00E-100	0.00%	98.00%	0E+00	1.00E-100	0.00%	0.00%
970	80.83	0	1.00E-100	0.00%	98.00%	0E+00	1.00E-100	0.00%	0.00%
971	80.92	0	1.00E-100	0.00%	98.00%	0E+00	1.00E-100	0.00%	0.00%
972	81.00	0	1.00E-100	0.00%	98.00%	0E+00	1.00E-100	0.00%	0.00%
973	81.08	0	1.00E-100	0.00%	98.00%	0E+00	1.00E-100	0.00%	0.00%
974	81.17	0	1.00E-100	0.00%	98.00%	0E+00	1.00E-100	0.00%	0.00%
975	81.25	0	1.00E-100	0.00%	98.00%	0E+00	1.00E-100	0.00%	0.00%
976	81.33	0	1.00E-100	0.00%	98.00%	0E+00	1.00E-100	0.00%	0.00%
977	81.42	0	1.00E-100	0.00%	98.00%	0E+00	1.00E-100	0.00%	0.00%
978	81.50	0	1.00E-100	0.00%	98.00%	0E+00	1.00E-100	0.00%	0.00%
979	81.58	0	1.00E-100	0.00%	98.00%	0E+00	1.00E-100	0.00%	0.00%
980	81.67	0	1.00E-100	0.00%	98.00%	0E+00	1.00E-100	0.00%	0.00%
981	81.75	0	1.00E-100	0.00%	98.00%	0E+00	1.00E-100	0.00%	0.00%
982	81.83	0	1.00E-100	0.00%	98.00%	0E+00	1.00E-100	0.00%	0.00%
983	81.92	0	1.00E-100	0.00%	98.00%	0E+00	1.00E-100	0.00%	0.00%
984	82.00	0	1.00E-100	0.00%	98.00%	0E+00	1.00E-100	0.00%	0.00%
985	82.08	0	1.00E-100	0.00%	98.00%	0E+00	1.00E-100	0.00%	0.00%
986	82.17	0	1.00E-100	0.00%	98.00%	0E+00	1.00E-100	0.00%	0.00%
987	82.25	0	1.00E-100	0.00%	98.00%	0E+00	1.00E-100	0.00%	0.00%
988	82.33	0	1.00E-100	0.00%	98.00%	0E+00	1.00E-100	0.00%	0.00%
989	82.42	0	1.00E-100	0.00%	98.00%	0E+00	1.00E-100	0.00%	0.00%
990	82.50	0	1.00E-100	0.00%	98.00%	0E+00	1.00E-100	0.00%	0.00%
991	82.58	0	1.00E-100	0.00%	98.00%	0E+00	1.00E-100	0.00%	0.00%
992	82.67	0	1.00E-100	0.00%	98.00%	0E+00	1.00E-100	0.00%	0.00%
993	82.75	0	1.00E-100	0.00%	98.00%	0E+00	1.00E-100	0.00%	0.00%
994	82.83	0	1.00E-100	0.00%	98.00%	0E+00	1.00E-100	0.00%	0.00%
995	82.92	0	1.00E-100	0.00%	98.00%	0E+00	1.00E-100	0.00%	0.00%
996	83.00	0	1.00E-100	0.00%	98.00%	0E+00	1.00E-100	0.00%	0.00%
997	83.08	0	1.00E-100	0.00%	98.00%	0E+00	1.00E-100	0.00%	0.00%
998	83.17	0	1.00E-100	0.00%	98.00%	0E+00	1.00E-100	0.00%	0.00%
999	83.25	0	1.00E-100	0.00%	98.00%	0E+00	1.00E-100	0.00%	0.00%
1000	83.33	0	1.00E-100	0.00%	98.00%	0E+00	1.00E-100	0.00%	0.00%
1001	83.42	0	1.00E-100	0.00%	98.00%	0E+00	1.00E-100	0.00%	0.00%
1002	83.50	0	1.00E-100	0.00%	98.00%	0E+00	1.00E-100	0.00%	0.00%
1003	83.58	0	1.00E-100	0.00%	98.00%	0E+00	1.00E-100	0.00%	0.00%
1004	83.67	0	1.00E-100	0.00%	98.00%	0E+00	1.00E-100	0.00%	0.00%
1005	83.75	0	1.00E-100	0.00%	98.00%	0E+00	1.00E-100	0.00%	0.00%
1006	83.83	0	1.00E-100	0.00%	98.00%	0E+00	1.00E-100	0.00%	0.00%
1007	83.92	0	1.00E-100	0.00%	98.00%	0E+00	1.00E-100	0.00%	0.00%
1008	84.00	0	1.00E-100	0.00%	98.00%	0E+00	1.00E-100	0.00%	0.00%
1009	84.08	0	1.00E-100	0.00%	98.00%	0E+00	1.00E-100	0.00%	0.00%
1010	84.17	0	1.00E-100	0.00%	98.00%	0E+00	1.00E-100	0.00%	0.00%
