ja-JP	latitude	longitude	overall_length	texture	first_julian_day	last_julian_day
中広形	36.23587531	138.9376699	197	Doka	1713755	1724712
細形Ⅱb	36.28377009	138.8044313	123	Doka	1637054	1651664
中細形BC	36.5864	136.622	148	DokenChuC	1684536	1713755
細形	36.48989058	138.1326601	123	DokenChuC	1637054	1651664
細形Ⅳ	35.24517332	137.0186241	123	DokenChuC	1637054	1651664
広形Ⅱ	35.05687049	135.9511841	253	Dohoko	1735670	1750279
平形I（再加工）	35.06497373	135.9833407	157	Doken	1702798	1713755
細形	34.92052595	135.6984955	123	DokenChuC	1637054	1651664
広形Ⅱ	34.45744356	135.5857245	253	Dohoko	1735670	1750279
中細形B	35.01383307	134.4126139	148	DokenChuC	1684536	1702798
東部瀬戸内系平形	34.86852639	134.3187203	157	Doken	1702798	1724712
東部瀬戸内系平形	34.86852639	134.3187203	157	Doken	1702798	1724712
東部瀬戸内系平形	34.86852639	134.3187203	157	Doken	1702798	1724712
広形Ⅱ	34.79663394	134.5907244	253	Dohoko	1735670	1750279
中細形D	34.80273063	134.935595	148	DokenChuC	1713755	1724712
中細形B	34.33311732	134.736359	148	DokenChuC	1684536	1702798
中細形B	34.33311732	134.736359	148	DokenChuC	1684536	1702798
中細形B	34.33311732	134.736359	148	DokenChuC	1684536	1702798
中細形B	34.33311732	134.736359	148	DokenChuC	1684536	1702798
中細形B	34.33311732	134.736359	148	DokenChuC	1684536	1702798
中細形B	34.33311732	134.736359	148	DokenChuC	1684536	1702798
中細形B	34.33311732	134.736359	148	DokenChuC	1684536	1702798
中細形B	34.33311732	134.736359	148	DokenChuC	1684536	1702798
中細形B	34.33311732	134.736359	148	DokenChuC	1684536	1702798
中細形B	34.33311732	134.736359	148	DokenChuC	1684536	1702798
中細形B	34.33311732	134.736359	148	DokenChuC	1684536	1702798
中細形B	34.33311732	134.736359	148	DokenChuC	1684536	1702798
中細形B	34.33311732	134.736359	148	DokenChuC	1684536	1702798
細形	34.68956176	134.9810429	123	DokenChuC	1637054	1651664
細形	34.56938907	135.7987858	123	Dohoko	1637054	1651664
細形ないし古式中細形	34.51716774	135.8257004	123	DokenChuC	1637054	1684536
中細形c	35.48729717	133.6805596	179	DokenChuC	1702798	1713755
中細形c	35.48729717	133.6805596	179	DokenChuC	1702798	1713755
中細形C	35.48729717	133.6805596	179	DokenChuC	1702798	1713755
中細形C	35.48729717	133.6805596	179	DokenChuC	1702798	1713755
中細形BC	35.4709674	134.2356303	148	DokenChuC	1684536	1713755
中細形	35.38419831	133.4268693	148	DokenChuC	1666274	1713755
変形細形	35.49189714	133.6629376	123	Dohoko	1637054	1651664
中細形B	35.40111884	132.6886602	148	Doka	1684536	1702798
中細形c	35.18610213	133.1031963	179	DokenChuC	1702798	1713755
細形Ⅱb	35.43851855	133.1157899	123	DokenChuC	1637054	1651664
中細形BC	36.09728947	133.096734	148	DokenChuC	1684536	1713755
中細形c	35.52089784	132.9888126	179	DokenChuC	1702798	1713755
中細形c	35.52089784	132.9888126	179	DokenChuC	1702798	1713755
中細形c	35.52089784	132.9888126	179	DokenChuC	1702798	1713755
中細形c	35.52089784	132.9888126	179	DokenChuC	1702798	1713755
中細形c	35.52089784	132.9888126	179	DokenChuC	1702798	1713755
中細形c	35.52089784	132.9888126	179	DokenChuC	1702798	1713755
細形Ⅱb	35.40203096	132.6854639	123	DokenChuC	1637054	1651664
細形Ⅰ	34.50955907	132.0013226	123	Doka	1637054	1651664
中細形c	35.37664511	132.8525139	357	DokenChuC360	1702798	1713755
中細形c	35.37664511	132.8525139	0	DokenChuC	1702798	1713755
中細形c	35.37664511	132.8525139	0	DokenChuC	1702798	1713755
中細形c	35.37664511	132.8525139	0	DokenChuC	1702798	1713755
中細形c	35.37664511	132.8525139	0	DokenChuC	1702798	1713755
中細形c	35.37664511	132.8525139	0	DokenChuC	1702798	1713755
中細形c	35.37664511	132.8525139	0	DokenChuC	1702798	1713755
中細形c	35.37664511	132.8525139	0	DokenChuC	1702798	1713755
中細形c	35.37664511	132.8525139	0	DokenChuC	1702798	1713755
中細形c	35.37664511	132.8525139	0	DokenChuC	1702798	1713755
中細形c	35.37664511	132.8525139	0	DokenChuC	1702798	1713755
中細形c	35.37664511	132.8525139	0	DokenChuC	1702798	1713755
中細形c	35.37664511	132.8525139	0	DokenChuC	1702798	1713755
中細形c	35.37664511	132.8525139	0	DokenChuC	1702798	1713755
中細形c	35.37664511	132.8525139	0	DokenChuC	1702798	1713755
中細形c	35.37664511	132.8525139	0	DokenChuC	1702798	1713755
中細形c	35.37664511	132.8525139	0	DokenChuC	1702798	1713755
中細形c	35.37664511	132.8525139	0	DokenChuC	1702798	1713755
中細形c	35.37664511	132.8525139	0	DokenChuC	1702798	1713755
中細形c	35.37664511	132.8525139	0	DokenChuC	1702798	1713755
中細形c	35.37664511	132.8525139	0	DokenChuC	1702798	1713755
中細形c	35.37664511	132.8525139	0	DokenChuC	1702798	1713755
中細形c	35.37664511	132.8525139	0	DokenChuC	1702798	1713755
中細形c	35.37664511	132.8525139	0	DokenChuC	1702798	1713755
中細形c	35.37664511	132.8525139	0	DokenChuC	1702798	1713755
中細形c	35.37664511	132.8525139	0	DokenChuC	1702798	1713755
中細形c	35.37664511	132.8525139	0	DokenChuC	1702798	1713755
中細形c	35.37664511	132.8525139	0	DokenChuC	1702798	1713755
中細形c	35.37664511	132.8525139	0	DokenChuC	1702798	1713755
中細形c	35.37664511	132.8525139	0	DokenChuC	1702798	1713755
中細形c	35.37664511	132.8525139	0	DokenChuC	1702798	1713755
中細形c	35.37664511	132.8525139	0	DokenChuC	1702798	1713755
中細形c	35.37664511	132.8525139	0	DokenChuC	1702798	1713755
中細形c	35.37664511	132.8525139	0	DokenChuC	1702798	1713755
中細形c	35.37664511	132.8525139	0	DokenChuC	1702798	1713755
中細形c	35.37664511	132.8525139	0	DokenChuC	1702798	1713755
中細形c	35.37664511	132.8525139	0	DokenChuC	1702798	1713755
中細形c	35.37664511	132.8525139	0	DokenChuC	1702798	1713755
中細形c	35.37664511	132.8525139	0	DokenChuC	1702798	1713755
中細形c	35.37664511	132.8525139	0	DokenChuC	1702798	1713755
中細形c	35.37664511	132.8525139	0	DokenChuC	1702798	1713755
中細形c	35.37664511	132.8525139	0	DokenChuC	1702798	1713755
中細形c	35.37664511	132.8525139	0	DokenChuC	1702798	1713755
中細形c	35.37664511	132.8525139	0	DokenChuC	1702798	1713755
中細形c	35.37664511	132.8525139	0	DokenChuC	1702798	1713755
中細形c	35.37664511	132.8525139	0	DokenChuC	1702798	1713755
中細形c	35.37664511	132.8525139	0	DokenChuC	1702798	1713755
中細形c	35.37664511	132.8525139	0	DokenChuC	1702798	1713755
中細形c	35.37664511	132.8525139	0	DokenChuC	1702798	1713755
中細形c	35.37664511	132.8525139	0	DokenChuC	1702798	1713755
中細形c	35.37664511	132.8525139	0	DokenChuC	1702798	1713755
中細形c	35.37664511	132.8525139	0	DokenChuC	1702798	1713755
中細形c	35.37664511	132.8525139	0	DokenChuC	1702798	1713755
中細形c	35.37664511	132.8525139	0	DokenChuC	1702798	1713755
中細形c	35.37664511	132.8525139	0	DokenChuC	1702798	1713755
中細形c	35.37664511	132.8525139	0	DokenChuC	1702798	1713755
中細形c	35.37664511	132.8525139	0	DokenChuC	1702798	1713755
中細形c	35.37664511	132.8525139	0	DokenChuC	1702798	1713755
中細形c	35.37664511	132.8525139	0	DokenChuC	1702798	1713755
中細形c	35.37664511	132.8525139	0	DokenChuC	1702798	1713755
中細形c	35.37664511	132.8525139	0	DokenChuC	1702798	1713755
中細形c	35.37664511	132.8525139	0	DokenChuC	1702798	1713755
中細形c	35.37664511	132.8525139	0	DokenChuC	1702798	1713755
中細形c	35.37664511	132.8525139	0	DokenChuC	1702798	1713755
中細形c	35.37664511	132.8525139	0	DokenChuC	1702798	1713755
中細形c	35.37664511	132.8525139	0	DokenChuC	1702798	1713755
中細形c	35.37664511	132.8525139	0	DokenChuC	1702798	1713755
中細形c	35.37664511	132.8525139	0	DokenChuC	1702798	1713755
中細形c	35.37664511	132.8525139	0	DokenChuC	1702798	1713755
中細形c	35.37664511	132.8525139	0	DokenChuC	1702798	1713755
中細形c	35.37664511	132.8525139	0	DokenChuC	1702798	1713755
中細形c	35.37664511	132.8525139	0	DokenChuC	1702798	1713755
中細形c	35.37664511	132.8525139	0	DokenChuC	1702798	1713755
中細形c	35.37664511	132.8525139	0	DokenChuC	1702798	1713755
中細形c	35.37664511	132.8525139	0	DokenChuC	1702798	1713755
中細形c	35.37664511	132.8525139	0	DokenChuC	1702798	1713755
中細形c	35.37664511	132.8525139	0	DokenChuC	1702798	1713755
中細形c	35.37664511	132.8525139	0	DokenChuC	1702798	1713755
中細形c	35.37664511	132.8525139	0	DokenChuC	1702798	1713755
中細形c	35.37664511	132.8525139	0	DokenChuC	1702798	1713755
中細形c	35.37664511	132.8525139	0	DokenChuC	1702798	1713755
中細形c	35.37664511	132.8525139	0	DokenChuC	1702798	1713755
中細形c	35.37664511	132.8525139	0	DokenChuC	1702798	1713755
中細形c	35.37664511	132.8525139	0	DokenChuC	1702798	1713755
中細形c	35.37664511	132.8525139	0	DokenChuC	1702798	1713755
中細形c	35.37664511	132.8525139	0	DokenChuC	1702798	1713755
中細形c	35.37664511	132.8525139	0	DokenChuC	1702798	1713755
中細形c	35.37664511	132.8525139	0	DokenChuC	1702798	1713755
中細形c	35.37664511	132.8525139	0	DokenChuC	1702798	1713755
中細形c	35.37664511	132.8525139	0	DokenChuC	1702798	1713755
中細形c	35.37664511	132.8525139	0	DokenChuC	1702798	1713755
中細形c	35.37664511	132.8525139	0	DokenChuC	1702798	1713755
中細形c	35.37664511	132.8525139	0	DokenChuC	1702798	1713755
中細形c	35.37664511	132.8525139	0	DokenChuC	1702798	1713755
中細形c	35.37664511	132.8525139	0	DokenChuC	1702798	1713755
中細形c	35.37664511	132.8525139	0	DokenChuC	1702798	1713755
中細形c	35.37664511	132.8525139	0	DokenChuC	1702798	1713755
中細形c	35.37664511	132.8525139	0	DokenChuC	1702798	1713755
中細形c	35.37664511	132.8525139	0	DokenChuC	1702798	1713755
中細形c	35.37664511	132.8525139	0	DokenChuC	1702798	1713755
中細形c	35.37664511	132.8525139	0	DokenChuC	1702798	1713755
中細形c	35.37664511	132.8525139	0	DokenChuC	1702798	1713755
中細形c	35.37664511	132.8525139	0	DokenChuC	1702798	1713755
中細形c	35.37664511	132.8525139	0	DokenChuC	1702798	1713755
中細形c	35.37664511	132.8525139	0	DokenChuC	1702798	1713755
中細形c	35.37664511	132.8525139	0	DokenChuC	1702798	1713755
中細形c	35.37664511	132.8525139	0	DokenChuC	1702798	1713755
中細形c	35.37664511	132.8525139	0	DokenChuC	1702798	1713755
中細形c	35.37664511	132.8525139	0	DokenChuC	1702798	1713755
中細形c	35.37664511	132.8525139	0	DokenChuC	1702798	1713755
中細形c	35.37664511	132.8525139	0	DokenChuC	1702798	1713755
中細形c	35.37664511	132.8525139	0	DokenChuC	1702798	1713755
中細形c	35.37664511	132.8525139	0	DokenChuC	1702798	1713755
中細形c	35.37664511	132.8525139	0	DokenChuC	1702798	1713755
中細形c	35.37664511	132.8525139	0	DokenChuC	1702798	1713755
中細形c	35.37664511	132.8525139	0	DokenChuC	1702798	1713755
中細形c	35.37664511	132.8525139	0	DokenChuC	1702798	1713755
中細形c	35.37664511	132.8525139	0	DokenChuC	1702798	1713755
中細形c	35.37664511	132.8525139	0	DokenChuC	1702798	1713755
中細形c	35.37664511	132.8525139	0	DokenChuC	1702798	1713755
中細形c	35.37664511	132.8525139	0	DokenChuC	1702798	1713755
中細形c	35.37664511	132.8525139	0	DokenChuC	1702798	1713755
中細形c	35.37664511	132.8525139	0	DokenChuC	1702798	1713755
中細形c	35.37664511	132.8525139	0	DokenChuC	1702798	1713755
中細形c	35.37664511	132.8525139	0	DokenChuC	1702798	1713755
中細形c	35.37664511	132.8525139	0	DokenChuC	1702798	1713755
中細形c	35.37664511	132.8525139	0	DokenChuC	1702798	1713755
中細形c	35.37664511	132.8525139	0	DokenChuC	1702798	1713755
中細形c	35.37664511	132.8525139	0	DokenChuC	1702798	1713755
中細形c	35.37664511	132.8525139	0	DokenChuC	1702798	1713755
中細形c	35.37664511	132.8525139	0	DokenChuC	1702798	1713755
中細形c	35.37664511	132.8525139	0	DokenChuC	1702798	1713755
中細形c	35.37664511	132.8525139	0	DokenChuC	1702798	1713755
中細形c	35.37664511	132.8525139	0	DokenChuC	1702798	1713755
中細形c	35.37664511	132.8525139	0	DokenChuC	1702798	1713755
中細形c	35.37664511	132.8525139	0	DokenChuC	1702798	1713755
中細形c	35.37664511	132.8525139	0	DokenChuC	1702798	1713755
中細形c	35.37664511	132.8525139	0	DokenChuC	1702798	1713755
中細形c	35.37664511	132.8525139	0	DokenChuC	1702798	1713755
中細形c	35.37664511	132.8525139	0	DokenChuC	1702798	1713755
中細形c	35.37664511	132.8525139	0	DokenChuC	1702798	1713755
中細形c	35.37664511	132.8525139	0	DokenChuC	1702798	1713755
中細形c	35.37664511	132.8525139	0	DokenChuC	1702798	1713755
中細形c	35.37664511	132.8525139	0	DokenChuC	1702798	1713755
中細形c	35.37664511	132.8525139	0	DokenChuC	1702798	1713755
中細形c	35.37664511	132.8525139	0	DokenChuC	1702798	1713755
中細形c	35.37664511	132.8525139	0	DokenChuC	1702798	1713755
中細形c	35.37664511	132.8525139	0	DokenChuC	1702798	1713755
中細形c	35.37664511	132.8525139	0	DokenChuC	1702798	1713755
中細形c	35.37664511	132.8525139	0	DokenChuC	1702798	1713755
中細形c	35.37664511	132.8525139	0	DokenChuC	1702798	1713755
中細形c	35.37664511	132.8525139	0	DokenChuC	1702798	1713755
中細形c	35.37664511	132.8525139	0	DokenChuC	1702798	1713755
中細形c	35.37664511	132.8525139	0	DokenChuC	1702798	1713755
中細形c	35.37664511	132.8525139	0	DokenChuC	1702798	1713755
中細形c	35.37664511	132.8525139	0	DokenChuC	1702798	1713755
中細形c	35.37664511	132.8525139	0	DokenChuC	1702798	1713755
中細形c	35.37664511	132.8525139	0	DokenChuC	1702798	1713755
中細形c	35.37664511	132.8525139	0	DokenChuC	1702798	1713755
中細形c	35.37664511	132.8525139	0	DokenChuC	1702798	1713755
中細形c	35.37664511	132.8525139	0	DokenChuC	1702798	1713755
中細形c	35.37664511	132.8525139	0	DokenChuC	1702798	1713755
中細形c	35.37664511	132.8525139	0	DokenChuC	1702798	1713755
中細形c	35.37664511	132.8525139	0	DokenChuC	1702798	1713755
中細形c	35.37664511	132.8525139	0	DokenChuC	1702798	1713755
中細形c	35.37664511	132.8525139	0	DokenChuC	1702798	1713755
中細形c	35.37664511	132.8525139	0	DokenChuC	1702798	1713755
中細形c	35.37664511	132.8525139	0	DokenChuC	1702798	1713755
中細形c	35.37664511	132.8525139	0	DokenChuC	1702798	1713755
中細形c	35.37664511	132.8525139	0	DokenChuC	1702798	1713755
中細形c	35.37664511	132.8525139	0	DokenChuC	1702798	1713755
中細形c	35.37664511	132.8525139	0	DokenChuC	1702798	1713755
中細形c	35.37664511	132.8525139	0	DokenChuC	1702798	1713755
中細形c	35.37664511	132.8525139	0	DokenChuC	1702798	1713755
中細形c	35.37664511	132.8525139	0	DokenChuC	1702798	1713755
中細形c	35.37664511	132.8525139	0	DokenChuC	1702798	1713755
中細形c	35.37664511	132.8525139	0	DokenChuC	1702798	1713755
中細形c	35.37664511	132.8525139	0	DokenChuC	1702798	1713755
中細形c	35.37664511	132.8525139	0	DokenChuC	1702798	1713755
中細形c	35.37664511	132.8525139	0	DokenChuC	1702798	1713755
中細形c	35.37664511	132.8525139	0	DokenChuC	1702798	1713755
中細形c	35.37664511	132.8525139	0	DokenChuC	1702798	1713755
中細形c	35.37664511	132.8525139	0	DokenChuC	1702798	1713755
中細形c	35.37664511	132.8525139	0	DokenChuC	1702798	1713755
中細形c	35.37664511	132.8525139	0	DokenChuC	1702798	1713755
中細形c	35.37664511	132.8525139	0	DokenChuC	1702798	1713755
中細形c	35.37664511	132.8525139	0	DokenChuC	1702798	1713755
中細形c	35.37664511	132.8525139	0	DokenChuC	1702798	1713755
中細形c	35.37664511	132.8525139	0	DokenChuC	1702798	1713755
中細形c	35.37664511	132.8525139	0	DokenChuC	1702798	1713755
中細形c	35.37664511	132.8525139	0	DokenChuC	1702798	1713755
中細形c	35.37664511	132.8525139	0	DokenChuC	1702798	1713755
中細形c	35.37664511	132.8525139	0	DokenChuC	1702798	1713755
中細形c	35.37664511	132.8525139	0	DokenChuC	1702798	1713755
中細形c	35.37664511	132.8525139	0	DokenChuC	1702798	1713755
中細形c	35.37664511	132.8525139	0	DokenChuC	1702798	1713755
中細形c	35.37664511	132.8525139	0	DokenChuC	1702798	1713755
中細形c	35.37664511	132.8525139	0	DokenChuC	1702798	1713755
中細形c	35.37664511	132.8525139	0	DokenChuC	1702798	1713755
中細形c	35.37664511	132.8525139	0	DokenChuC	1702798	1713755
中細形c	35.37664511	132.8525139	0	DokenChuC	1702798	1713755
中細形c	35.37664511	132.8525139	0	DokenChuC	1702798	1713755
中細形c	35.37664511	132.8525139	0	DokenChuC	1702798	1713755
中細形c	35.37664511	132.8525139	0	DokenChuC	1702798	1713755
中細形c	35.37664511	132.8525139	0	DokenChuC	1702798	1713755
中細形c	35.37664511	132.8525139	0	DokenChuC	1702798	1713755
中細形c	35.37664511	132.8525139	0	DokenChuC	1702798	1713755
中細形c	35.37664511	132.8525139	0	DokenChuC	1702798	1713755
中細形c	35.37664511	132.8525139	0	DokenChuC	1702798	1713755
中細形c	35.37664511	132.8525139	0	DokenChuC	1702798	1713755
中細形c	35.37664511	132.8525139	0	DokenChuC	1702798	1713755
中細形c	35.37664511	132.8525139	0	DokenChuC	1702798	1713755
中細形c	35.37664511	132.8525139	0	DokenChuC	1702798	1713755
中細形c	35.37664511	132.8525139	0	DokenChuC	1702798	1713755
中細形c	35.37664511	132.8525139	0	DokenChuC	1702798	1713755
中細形c	35.37664511	132.8525139	0	DokenChuC	1702798	1713755
中細形c	35.37664511	132.8525139	0	DokenChuC	1702798	1713755
中細形c	35.37664511	132.8525139	0	DokenChuC	1702798	1713755
中細形c	35.37664511	132.8525139	0	DokenChuC	1702798	1713755
中細形c	35.37664511	132.8525139	0	DokenChuC	1702798	1713755
中細形c	35.37664511	132.8525139	0	DokenChuC	1702798	1713755
中細形c	35.37664511	132.8525139	0	DokenChuC	1702798	1713755
中細形c	35.37664511	132.8525139	0	DokenChuC	1702798	1713755
中細形c	35.37664511	132.8525139	0	DokenChuC	1702798	1713755
中細形c	35.37664511	132.8525139	0	DokenChuC	1702798	1713755
中細形c	35.37664511	132.8525139	0	DokenChuC	1702798	1713755
中細形c	35.37664511	132.8525139	0	DokenChuC	1702798	1713755
中細形c	35.37664511	132.8525139	0	DokenChuC	1702798	1713755
中細形c	35.37664511	132.8525139	0	DokenChuC	1702798	1713755
中細形c	35.37664511	132.8525139	0	DokenChuC	1702798	1713755
中細形c	35.37664511	132.8525139	0	DokenChuC	1702798	1713755
中細形c	35.37664511	132.8525139	0	DokenChuC	1702798	1713755
中細形c	35.37664511	132.8525139	0	DokenChuC	1702798	1713755
中細形c	35.37664511	132.8525139	0	DokenChuC	1702798	1713755
中細形c	35.37664511	132.8525139	0	DokenChuC	1702798	1713755
中細形c	35.37664511	132.8525139	0	DokenChuC	1702798	1713755
中細形c	35.37664511	132.8525139	0	DokenChuC	1702798	1713755
中細形c	35.37664511	132.8525139	0	DokenChuC	1702798	1713755
中細形c	35.37664511	132.8525139	0	DokenChuC	1702798	1713755
中細形c	35.37664511	132.8525139	0	DokenChuC	1702798	1713755
中細形c	35.37664511	132.8525139	0	DokenChuC	1702798	1713755
中細形c	35.37664511	132.8525139	0	DokenChuC	1702798	1713755
中細形c	35.37664511	132.8525139	0	DokenChuC	1702798	1713755
中細形c	35.37664511	132.8525139	0	DokenChuC	1702798	1713755
中細形c	35.37664511	132.8525139	0	DokenChuC	1702798	1713755
中細形c	35.37664511	132.8525139	0	DokenChuC	1702798	1713755
中細形c	35.37664511	132.8525139	0	DokenChuC	1702798	1713755
中細形c	35.37664511	132.8525139	0	DokenChuC	1702798	1713755
中細形c	35.37664511	132.8525139	0	DokenChuC	1702798	1713755
中細形c	35.37664511	132.8525139	0	DokenChuC	1702798	1713755
中細形c	35.37664511	132.8525139	0	DokenChuC	1702798	1713755
中細形c	35.37664511	132.8525139	0	DokenChuC	1702798	1713755
中細形c	35.37664511	132.8525139	0	DokenChuC	1702798	1713755
中細形c	35.37664511	132.8525139	0	DokenChuC	1702798	1713755
中細形c	35.37664511	132.8525139	0	DokenChuC	1702798	1713755
中細形c	35.37664511	132.8525139	0	DokenChuC	1702798	1713755
中細形c	35.37664511	132.8525139	0	DokenChuC	1702798	1713755
中細形c	35.37664511	132.8525139	0	DokenChuC	1702798	1713755
中細形c	35.37664511	132.8525139	0	DokenChuC	1702798	1713755
中細形c	35.37664511	132.8525139	0	DokenChuC	1702798	1713755
中細形c	35.37664511	132.8525139	0	DokenChuC	1702798	1713755
中細形c	35.37664511	132.8525139	0	DokenChuC	1702798	1713755
中細形c	35.37664511	132.8525139	0	DokenChuC	1702798	1713755
中細形c	35.37664511	132.8525139	0	DokenChuC	1702798	1713755
中細形c	35.37664511	132.8525139	0	DokenChuC	1702798	1713755
中細形c	35.37664511	132.8525139	0	DokenChuC	1702798	1713755
中細形c	35.37664511	132.8525139	0	DokenChuC	1702798	1713755
中細形c	35.37664511	132.8525139	0	DokenChuC	1702798	1713755
中細形c	35.37664511	132.8525139	0	DokenChuC	1702798	1713755
中細形c	35.37664511	132.8525139	0	DokenChuC	1702798	1713755
中細形c	35.37664511	132.8525139	0	DokenChuC	1702798	1713755
中細形c	35.37664511	132.8525139	0	DokenChuC	1702798	1713755
中細形c	35.37664511	132.8525139	0	DokenChuC	1702798	1713755
中細形c	35.37664511	132.8525139	0	DokenChuC	1702798	1713755
中細形c	35.37664511	132.8525139	0	DokenChuC	1702798	1713755
中細形c	35.37664511	132.8525139	0	DokenChuC	1702798	1713755
中細形c	35.37664511	132.8525139	0	DokenChuC	1702798	1713755
中細形c	35.37664511	132.8525139	0	DokenChuC	1702798	1713755
中細形c	35.37664511	132.8525139	0	DokenChuC	1702798	1713755
中細形c	35.37664511	132.8525139	0	DokenChuC	1702798	1713755
中細形c	35.37664511	132.8525139	0	DokenChuC	1702798	1713755
中細形c	35.37664511	132.8525139	0	DokenChuC	1702798	1713755
中細形c	35.37664511	132.8525139	0	DokenChuC	1702798	1713755
中細形c	35.37664511	132.8525139	0	DokenChuC	1702798	1713755
中細形c	35.37664511	132.8525139	0	DokenChuC	1702798	1713755
中細形c	35.37664511	132.8525139	0	DokenChuC	1702798	1713755
中細形c	35.37664511	132.8525139	0	DokenChuC	1702798	1713755
中細形c	35.37664511	132.8525139	0	DokenChuC	1702798	1713755
中細形c	35.37664511	132.8525139	0	DokenChuC	1702798	1713755
中細形c	35.37664511	132.8525139	0	DokenChuC	1702798	1713755
中細形c	35.37664511	132.8525139	0	DokenChuC	1702798	1713755
中細形c	35.37664511	132.8525139	0	DokenChuC	1702798	1713755
中細形c	35.37664511	132.8525139	0	DokenChuC	1702798	1713755
中細形c	35.37664511	132.8525139	0	DokenChuC	1702798	1713755
中細形c	35.37664511	132.8525139	0	DokenChuC	1702798	1713755
中細形c	35.37664511	132.8525139	0	DokenChuC	1702798	1713755
中細形c	35.37664511	132.8525139	0	DokenChuC	1702798	1713755
中細形c	35.37664511	132.8525139	0	DokenChuC	1702798	1713755
中細形c	35.37664511	132.8525139	0	DokenChuC	1702798	1713755
中細形c	35.37664511	132.8525139	0	DokenChuC	1702798	1713755
中細形c	35.37664511	132.8525139	0	DokenChuC	1702798	1713755
中細形c	35.37664511	132.8525139	0	DokenChuC	1702798	1713755
中細形c	35.37664511	132.8525139	0	DokenChuC	1702798	1713755
中細形c	35.37664511	132.8525139	0	DokenChuC	1702798	1713755
中細形c	35.37664511	132.8525139	0	DokenChuC	1702798	1713755
中細形c	35.37664511	132.8525139	0	DokenChuC	1702798	1713755
中細形c	35.37664511	132.8525139	0	DokenChuC	1702798	1713755
中細形c	35.37664511	132.8525139	0	DokenChuC	1702798	1713755
中細形c	35.37664511	132.8525139	0	DokenChuC	1702798	1713755
中細形c	35.37664511	132.8525139	0	DokenChuC	1702798	1713755
中細形c	35.37664511	132.8525139	0	DokenChuC	1702798	1713755
中細形c	35.37664511	132.8525139	0	DokenChuC	1702798	1713755
中細形c	35.37664511	132.8525139	0	DokenChuC	1702798	1713755
中細形c	35.37664511	132.8525139	0	DokenChuC	1702798	1713755
中細形c	35.37664511	132.8525139	0	DokenChuC	1702798	1713755
中細形c	35.37664511	132.8525139	0	DokenChuC	1702798	1713755
中細形c	35.37664511	132.8525139	0	DokenChuC	1702798	1713755
中細形c	35.37664511	132.8525139	0	DokenChuC	1702798	1713755
中細形c	35.37664511	132.8525139	0	DokenChuC	1702798	1713755
中細形c	35.37664511	132.8525139	0	DokenChuC	1702798	1713755
中細形c	35.37664511	132.8525139	0	DokenChuC	1702798	1713755
中細形c	35.37664511	132.8525139	0	DokenChuC	1702798	1713755
中細形c	35.37664511	132.8525139	0	DokenChuC	1702798	1713755
中細形c	35.37664511	132.8525139	0	DokenChuC	1702798	1713755
中細形c	35.37664511	132.8525139	0	DokenChuC	1702798	1713755
中細形c	35.37664511	132.8525139	0	DokenChuC	1702798	1713755
中細形c	35.37664511	132.8525139	0	DokenChuC	1702798	1713755
中細形c	35.37664511	132.8525139	0	DokenChuC	1702798	1713755
中細形c	35.37664511	132.8525139	0	DokenChuC	1702798	1713755
中細形c	35.37664511	132.8525139	0	DokenChuC	1702798	1713755
中細形c	35.37664511	132.8525139	0	DokenChuC	1702798	1713755
中細形c	35.37664511	132.8525139	0	DokenChuC	1702798	1713755
中細形c	35.37664511	132.8525139	0	DokenChuC	1702798	1713755
中細形c	35.37664511	132.8525139	0	DokenChuC	1702798	1713755
中細形c	35.37664511	132.8525139	0	DokenChuC	1702798	1713755
中細形c	35.37664511	132.8525139	0	DokenChuC	1702798	1713755
中細形c	35.37664511	132.8525139	0	DokenChuC	1702798	1713755
中細形c	35.37664511	132.8525139	0	DokenChuC	1702798	1713755
中細形c	35.37664511	132.8525139	0	DokenChuC	1702798	1713755
中細形c	35.37664511	132.8525139	0	DokenChuC	1702798	1713755
中細形c	35.37664511	132.8525139	0	DokenChuC	1702798	1713755
中細形c	35.37664511	132.8525139	0	DokenChuC	1702798	1713755
中細形c	35.37664511	132.8525139	0	DokenChuC	1702798	1713755
中細形c	35.37664511	132.8525139	0	DokenChuC	1702798	1713755
中細形c	35.37664511	132.8525139	0	DokenChuC	1702798	1713755
中細形c	35.37664511	132.8525139	0	DokenChuC	1702798	1713755
中細形c	35.37664511	132.8525139	0	DokenChuC	1702798	1713755
中細形c	35.37664511	132.8525139	0	DokenChuC	1702798	1713755
中細形c	35.37664511	132.8525139	0	DokenChuC	1702798	1713755
中細形c	35.37664511	132.8525139	0	DokenChuC	1702798	1713755
中細形c	35.37664511	132.8525139	0	DokenChuC	1702798	1713755
中細形c	35.37664511	132.8525139	0	DokenChuC	1702798	1713755
中細形c	35.37664511	132.8525139	0	DokenChuC	1702798	1713755
中細形c	35.37664511	132.8525139	0	DokenChuC	1702798	1713755
中細形c	35.37664511	132.8525139	0	DokenChuC	1702798	1713755
中細形c	35.37664511	132.8525139	0	DokenChuC	1702798	1713755
中細形c	35.37664511	132.8525139	0	DokenChuC	1702798	1713755
中細形c	35.37664511	132.8525139	0	DokenChuC	1702798	1713755
中細形b	35.37664511	132.8525139	148	Dohoko	1675405	1684536
中細形a	35.37664511	132.8525139	148	Dohoko	1666274	1675405
中細形c	35.37664511	132.8525139	179	Dohoko	1684536	1693667
中広形	35.37664511	132.8525139	197	Dohoko	1693667	1719234
中広形	35.37664511	132.8525139	197	Dohoko	1693667	1719234
中広形	35.37664511	132.8525139	197	Dohoko	1693667	1719234
中広形	35.37664511	132.8525139	197	Dohoko	1693667	1719234
中広形	35.37664511	132.8525139	197	Dohoko	1693667	1719234
中広形	35.37664511	132.8525139	197	Dohoko	1693667	1719234
中広形	35.37664511	132.8525139	197	Dohoko	1693667	1719234
中広形	35.37664511	132.8525139	197	Dohoko	1693667	1719234
中広形	35.37664511	132.8525139	197	Dohoko	1693667	1719234
中広形	35.37664511	132.8525139	197	Dohoko	1693667	1719234
中広形	35.37664511	132.8525139	197	Dohoko	1693667	1719234
中広形	35.37664511	132.8525139	197	Dohoko	1693667	1719234
中広形	35.37664511	132.8525139	197	Dohoko	1693667	1719234
平形Ⅱ	34.50204893	133.8529764	157	Doken	1713755	1724712
平形Ⅱb	34.50204893	133.8529764	157	Doken	1713755	1724712
平形Ⅰd	34.50204893	133.8529764	157	Doken	1702798	1713755
平形Ⅰ	34.50204893	133.8529764	157	Doken	1702798	1713755
細形Ⅰ	34.58719633	133.9770256	123	DokenChuC	1637054	1651664
細形	34.67473501	133.9244077	123	DokenChuC	1637054	1651664
細形Ⅰ	34.90464234	133.920641	123	DokenChuC	1637054	1651664
中広形	34.66166918	133.9345622	197	Dohoko	1693667	1719234
細形Ⅱ	34.51899889	133.7841997	123	Doka	1637054	1651664
細形	34.69808274	133.7938271	123	DokenChuC	1637054	1651664
細形	34.67445256	133.9244936	123	DokenChuC	1637054	1651664
細形	34.67445256	133.9244936	123	DokenChuC	1637054	1651664
中細形C	35.1349176	133.8958394	179	DokenChuC	1702798	1713755
平剣Ⅱ数本	34.53142483	132.495192	157	Doken	1713755	1724712
中細形BC	34.46415318	132.5469277	148	DokenChuC	1684536	1713755
中細形B	34.46415318	132.5469277	148	Doka	1684536	1702798
中細形BC	34.32061696	132.5355004	148	DokenChuC	1684536	1713755
中細形B	34.4232119	133.1600563	148	DokenChuC	1684536	1702798
中細形B	34.4232119	133.1600563	148	DokenChuC	1684536	1702798
中細形b	34.4232119	133.1600563	148	Dohoko	1675405	1684536
平形Ⅱ	34.42020314	133.3254062	157	Doken	1713755	1724712
細形	34.4480596	133.4083636	123	DokenChuC	1637054	1651664
平形Ⅱ	34.43987577	133.3398462	157	Doken	1713755	1724712
平形	34.43987577	133.3398462	157	Doken	1702798	1724712
中細形	34.50874983	133.3400851	148	Dohoko	1666274	1693667
中細形B	34.41705576	132.7299966	148	Doka	1684536	1702798
細形Ⅰ	34.01678557	130.9229453	123	DokenChuC	1637054	1651664
細形	34.01678557	130.9229453	123	DokenChuC	1637054	1651664
細形Ⅰ	34.01678557	130.9229453	123	DokenChuC	1637054	1651664
細形Ⅰ	34.01678557	130.9229453	123	DokenChuC	1637054	1651664
中広形	34.18517157	131.0309813	197	Dohoko	1693667	1719234
中広形	34.18517157	131.0309813	197	Dohoko	1693667	1719234
細形	34.15554708	130.9175419	123	DokenChuC	1637054	1651664
細形	34.15554708	130.9175419	123	Doka	1637054	1651664
細形Ⅰ	34.41267868	130.9707149	123	DokenChuC	1637054	1651664
広形	33.96840829	132.110036	253	Dohoko	1713755	1750279
広形	33.96840829	132.110036	253	Dohoko	1713755	1750279
中細形	34.18274127	131.4723091	148	Dohoko	1666274	1693667
細形	34.24036421	131.2037853	123	DokenChuC	1637054	1651664
平形	33.89695112	133.8058643	157	Doken	1702798	1724712
東部瀬戸内系平形	33.99414729	134.3186375	157	Doken	1702798	1724712
平形Ⅱ	33.99414729	134.3186375	157	Doken	1713755	1724712
東部瀬戸内系平形	33.96425331	134.3133546	157	Doken	1702798	1724712
平形Ⅰb	33.96425331	134.3133546	157	Doken	1702798	1713755
中広形	34.05396958	134.4701347	197	DokenChuC	1713755	1724712
平形Ⅱ	34.10668229	134.4858592	157	Doken	1713755	1724712
平形Ⅱ	34.05691083	134.1406435	157	Doken	1713755	1724712
細形	34.04975377	133.9780512	123	DokenChuC	1637054	1651664
細形Ⅰ	34.0928202	133.7115905	123	DokenChuC	1637054	1651664
細形Ⅰ	34.0928202	133.7115905	123	DokenChuC	1637054	1651664
細形Ⅰ	34.0928202	133.7115905	123	DokenChuC	1637054	1651664
平形Ⅱ	34.22999604	133.724222	157	Doken	1713755	1724712
平形Ⅱ	34.22999604	133.724222	157	Doken	1713755	1724712
平形Ⅱ	34.22999604	133.724222	157	Doken	1713755	1724712
平形Ⅱ	34.22999604	133.724222	157	Doken	1713755	1724712
平形か	34.22999604	133.724222	157	Doken	1702798	1724712
平形Ⅱ	34.2198065	133.7170795	157	Doken	1713755	1724712
平形か	34.2198065	133.7170795	157	Doken	1702798	1724712
平形か	34.2198065	133.7170795	157	Doken	1702798	1724712
平形か	34.2198065	133.7170795	157	Doken	1702798	1724712
平形か	34.2198065	133.7170795	157	Doken	1702798	1724712
平形Ⅱ	34.19354155	133.7331192	157	Doken	1713755	1724712
平形Ⅱ	34.19354155	133.7331192	157	Doken	1713755	1724712
平形Ⅱ	34.19354155	133.7331192	157	Doken	1713755	1724712
平形Ⅱ	34.14217457	133.7408838	157	Doken	1713755	1724712
中広形	34.10980449	133.7180439	197	Dohoko	1693667	1719234
平形か	34.19679514	133.8084702	157	Doken	1702798	1724712
平形か	34.19679514	133.8084702	157	Doken	1702798	1724712
中細形c	34.20921337	133.7737456	179	Dohoko	1684536	1693667
中細形B“	34.20921337	133.7737456	148	DokenChuC	1684536	1702798
中細形c	34.20921337	133.7737456	179	DokenChuC	1702798	1713755
平形Ⅰa	34.20921337	133.7737456	157	Doken	1702798	1713755
平形Ⅰa	34.20921337	133.7737456	157	Doken	1702798	1713755
中細形c	34.20921337	133.7737456	179	DokenChuC	1702798	1713755
中細形C	34.20921337	133.7737456	179	DokenChuC	1702798	1713755
中細形B	34.20921337	133.7737456	148	DokenChuC	1684536	1702798
平形か	34.21689701	133.7832364	157	Doken	1702798	1724712
平形か	34.21689701	133.7832364	157	Doken	1702798	1724712
平形か	34.21689701	133.7832364	157	Doken	1702798	1724712
平形か	34.21453446	133.773388	157	Doken	1702798	1724712
平形か	34.21453446	133.773388	157	Doken	1702798	1724712
平形か	34.21453446	133.773388	157	Doken	1702798	1724712
平形か	34.21453446	133.773388	157	Doken	1702798	1724712
平形か	34.21453446	133.773388	157	Doken	1702798	1724712
平形か	34.21453446	133.773388	157	Doken	1702798	1724712
平形か	34.21453446	133.773388	157	Doken	1702798	1724712
平形Ⅱ	34.23219071	133.807708	157	Doken	1713755	1724712
平形Ⅱ	34.23219071	133.807708	157	Doken	1713755	1724712
平形Ⅱ	34.23219071	133.807708	157	Doken	1713755	1724712
平形Ⅱ	34.21980457	133.755656	157	Doken	1713755	1724712
平形Ⅱ	34.21980457	133.755656	157	Doken	1713755	1724712
平形Ⅱ	34.21980457	133.755656	157	Doken	1713755	1724712
平形Ⅱ	34.21980457	133.755656	157	Doken	1713755	1724712
平形Ⅱ	34.21980457	133.755656	157	Doken	1713755	1724712
平形Ⅱ	34.19451123	133.8263498	157	Doken	1713755	1724712
平形Ⅱ	34.19451123	133.8263498	157	Doken	1713755	1724712
平形Ⅱ	34.19451123	133.8263498	157	Doken	1713755	1724712
平形Ⅱ	34.19899759	133.8496693	157	Doken	1713755	1724712
平形Ⅱ	34.19899759	133.8496693	157	Doken	1713755	1724712
中広形	34.34411806	134.0153893	197	Dohoko	1693667	1719234
中広形	34.34411806	134.0153893	197	Dohoko	1693667	1719234
細形	34.23294982	134.075993	123	DokenChuC	1637054	1651664
細形	34.23294982	134.075993	123	DokenChuC	1637054	1651664
中細形b	34.37975892	134.1346564	148	Dohoko	1675405	1684536
細形	34.3307799	134.1365501	123	DokenChuC	1637054	1651664
平形Ⅱ	34.25547312	134.2139835	157	Doken	1713755	1724712
平形Ⅱ	34.25547312	134.2139835	157	Doken	1713755	1724712
平形Ⅱ	34.25547312	134.2139835	157	Doken	1713755	1724712
東部瀬戸内系平形	34.48478766	134.3231433	157	Doken	1702798	1724712
平形Ⅱ	34.48478766	134.3231433	157	Doken	1713755	1724712
平形Ⅱ	34.13376484	133.6941501	157	Doken	1713755	1724712
広形	34.11989811	133.7457317	253	Dohoko	1713755	1750279
中細形D	34.29543369	134.0734779	148	DokenChuC	1713755	1724712
平形Ⅱ	34.20775093	134.0177254	157	Doken	1713755	1724712
平形Ⅱ	34.20775093	134.0177254	157	Doken	1713755	1724712
平形Ⅱ	34.20775093	134.0177254	157	Doken	1713755	1724712
平形Ⅱ	34.20775093	134.0177254	157	Doken	1713755	1724712
細形	34.26599004	133.7837515	123	DokenChuC	1637054	1651664
広形	33.7724776	132.746482	253	Dohoko	1713755	1750279
広形	33.36381053	132.4985652	253	Dohoko	1713755	1750279
中広形か広形	33.36381053	132.4985652	197	Dohoko	1693667	1724712
中広形か広形	33.36381053	132.4985652	197	Dohoko	1693667	1724712
中広形か広形	33.36381053	132.4985652	197	Dohoko	1693667	1724712
中広形か広形	33.36381053	132.4985652	197	Dohoko	1693667	1724712
中広形か広形	33.36381053	132.4985652	197	Dohoko	1693667	1724712
中広形か広形	33.36381053	132.4985652	197	Dohoko	1693667	1724712
中広形か広形	33.36381053	132.4985652	197	Dohoko	1693667	1724712
中広形か広形	33.36381053	132.4985652	197	Dohoko	1693667	1724712
中広形か広形	33.36381053	132.4985652	197	Dohoko	1693667	1724712
中広形か広形	33.36381053	132.4985652	197	Dohoko	1693667	1724712
中広形か広形	33.36381053	132.4985652	197	Dohoko	1693667	1724712
中広形か広形	33.36381053	132.4985652	197	Dohoko	1693667	1724712
中広形か広形	33.36381053	132.4985652	197	Dohoko	1693667	1724712
中広形か広形	33.36381053	132.4985652	197	Dohoko	1693667	1724712
中広形か広形	33.36381053	132.4985652	197	Dohoko	1693667	1724712
中広形か広形	33.36381053	132.4985652	197	Dohoko	1693667	1724712
中広形か広形	33.36381053	132.4985652	197	Dohoko	1693667	1724712
中広形か広形	33.36381053	132.4985652	197	Dohoko	1693667	1724712
中広形か広形	33.36381053	132.4985652	197	Dohoko	1693667	1724712
中広形か広形	33.36381053	132.4985652	197	Dohoko	1693667	1724712
中広形か広形	33.36381053	132.4985652	197	Dohoko	1693667	1724712
中広形か広形	33.36381053	132.4985652	197	Dohoko	1693667	1724712
中広形か広形	33.36381053	132.4985652	197	Dohoko	1693667	1724712
中広形か広形	33.36381053	132.4985652	197	Dohoko	1693667	1724712
中広形か広形	33.36381053	132.4985652	197	Dohoko	1693667	1724712
中広形か広形	33.36381053	132.4985652	197	Dohoko	1693667	1724712
中広形か広形	33.36381053	132.4985652	197	Dohoko	1693667	1724712
中広形か広形	33.36381053	132.4985652	197	Dohoko	1693667	1724712
中広形か広形	33.36381053	132.4985652	197	Dohoko	1693667	1724712
中広形か広形	33.36381053	132.4985652	197	Dohoko	1693667	1724712
中広形か広形	33.36381053	132.4985652	197	Dohoko	1693667	1724712
中広形か広形	33.36381053	132.4985652	197	Dohoko	1693667	1724712
中広形か広形	33.36381053	132.4985652	197	Dohoko	1693667	1724712
中広形か広形	33.36381053	132.4985652	197	Dohoko	1693667	1724712
中広形か広形	33.36381053	132.4985652	197	Dohoko	1693667	1724712
中広形か広形	33.36381053	132.4985652	197	Dohoko	1693667	1724712
中広形	33.39999215	132.4953036	197	Dohoko	1693667	1719234
広形	33.33855047	132.4500683	253	Dohoko	1713755	1750279
平形Ⅱ	33.39393103	132.4914456	157	Doken	1713755	1724712
平形Ⅱ	33.39393103	132.4914456	157	Doken	1713755	1724712
平形Ⅱ	33.39393103	132.4914456	157	Doken	1713755	1724712
中広形	33.38490715	132.607195	197	Dohoko	1693667	1719234
平形Ⅱ	33.84870608	132.7864241	157	Doken	1713755	1724712
平形Ⅱ	33.84870608	132.7864241	157	Doken	1713755	1724712
平形Ⅱ	33.84870608	132.7864241	157	Doken	1713755	1724712
平形Ⅱ	33.85040208	132.7775423	157	Doken	1713755	1724712
平形Ⅱ	33.85040208	132.7775423	157	Doken	1713755	1724712
平形Ⅱ	33.85040208	132.7775423	157	Doken	1713755	1724712
平形Ⅱ	33.85040208	132.7775423	157	Doken	1713755	1724712
平形Ⅱ	33.85040208	132.7775423	157	Doken	1713755	1724712
平形Ⅱ	33.85040208	132.7775423	157	Doken	1713755	1724712
平形Ⅱ	33.85040208	132.7775423	157	Doken	1713755	1724712
平形Ⅱ	33.85040208	132.7775423	157	Doken	1713755	1724712
平形Ⅱ	33.85040208	132.7775423	157	Doken	1713755	1724712
平形Ⅱ	33.85040208	132.7775423	157	Doken	1713755	1724712
平形Ⅱ	33.85236105	132.7720961	157	Doken	1713755	1724712
平形Ⅱ	33.85236105	132.7720961	157	Doken	1713755	1724712
平形Ⅱ	33.85236105	132.7720961	157	Doken	1713755	1724712
平形Ⅱ	33.85236105	132.7720961	157	Doken	1713755	1724712
平形Ⅱ	33.85236105	132.7720961	157	Doken	1713755	1724712
平形Ⅱ	33.85236105	132.7720961	157	Doken	1713755	1724712
平形Ⅱ	33.85236105	132.7720961	157	Doken	1713755	1724712
平形Ⅱ	33.85236105	132.7720961	157	Doken	1713755	1724712
中細形c	33.81127727	132.9066444	179	Dohoko	1684536	1693667
細形Ⅳ	34.02289034	132.9898632	123	DokenChuC	1637054	1651664
平形Ⅰa	34.00165907	133.012664	157	Doken	1702798	1713755
平形Ⅱ	34.00165907	133.012664	157	Doken	1713755	1724712
平形Ⅱ	34.00165907	133.012664	157	Doken	1713755	1724712
平形Ⅱ	34.00165907	133.012664	157	Doken	1713755	1724712
平形Ⅱ	34.00165907	133.012664	157	Doken	1713755	1724712
中広形	34.02278043	132.9740631	197	Dohoko	1693667	1719234
中広形	34.02278043	132.9740631	197	Dohoko	1693667	1719234
中広形以前	33.95508034	133.020746	197	Dohoko	1693667	1702798
平形	33.95508034	133.020746	157	Doka	1702798	1724712
平形Ⅰb	33.92983213	133.043358	157	Doken	1702798	1713755
平形Ⅰb	33.92983213	133.043358	157	Doken	1702798	1713755
中細形A	33.91141313	133.0653919	148	DokenChuC	1666274	1684536
平形Ⅰb	33.95359718	133.0414638	157	Doken	1702798	1713755
平形ⅠC	33.95359718	133.0414638	157	Doken	1702798	1713755
平形Ⅰa	33.95359718	133.0414638	157	Doken	1702798	1713755
平形Ⅰb	33.95359718	133.0414638	157	Doken	1702798	1713755
平形Ⅰa	33.95359718	133.0414638	157	Doken	1702798	1713755
平形Ⅰa	33.95359718	133.0414638	157	Doken	1702798	1713755
平形Ⅱ	33.93043215	133.2976648	157	Doken	1713755	1724712
中広形	33.9688997	133.4549588	197	Dohoko	1693667	1719234
広形	33.95509465	133.6647971	253	Dohoko	1713755	1750279
平形Ⅱ	33.99068011	133.6371203	157	Doken	1713755	1724712
平形Ⅱ	33.99068011	133.6371203	157	Doken	1713755	1724712
中広形	34.00212388	133.5830935	197	Dohoko	1693667	1719234
中広形	33.99047513	133.5720654	197	Dohoko	1693667	1719234
平形Ⅱ	33.86181175	132.7755579	157	Doken	1713755	1724712
佃形Ⅰ	33.95294469	133.4216809	123	DokenChuC	1637054	1651664
細形Ⅱb	33.95294469	133.4216809	123	DokenChuC	1637054	1651664
細形	33.95294469	133.4216809	123	DokenChuC	1637054	1651664
細形	33.95294469	133.4216809	123	DokenChuC	1637054	1651664
細形	33.95294469	133.4216809	123	DokenChuC	1637054	1651664
細形	33.95294469	133.4216809	123	DokenChuC	1637054	1651664
細形	33.95294469	133.4216809	123	DokenChuC	1637054	1651664
中細形b	33.49507226	132.3666546	148	Dohoko	1675405	1684536
細形～中細形A	33.811944	132.799722	123	Doka	1637054	1684536
中広形	32.98403492	132.9103613	197	Dohoko	1693667	1719234
中広形	32.96722844	132.9523694	197	Dohoko	1693667	1719234
中細形c	33.4391051	133.2145968	179	DokenChuC	1702798	1713755
細形Ⅱb	33.4391051	133.2145968	123	DokenChuC	1637054	1651664
細形Ⅰ	33.4391051	133.2145968	123	DokenChuC	1637054	1651664
中広形	33.5432169	133.3929947	197	Dohoko	1693667	1719234
中広形	33.5432169	133.3929947	197	Dohoko	1693667	1719234
中細形C	33.33215416	133.2247105	179	Doka	1702798	1713755
中細形A	33.26414445	133.115654	148	Doka	1666274	1684536
中広形	33.26414445	133.115654	197	Dohoko	1693667	1719234
中細形a	33.27775692	133.1045785	148	Doka	1666274	1684536
中細形か	33.27775692	133.1045785	148	Doka	1666274	1713755
中広形	33.27543565	133.1171422	197	Dohoko	1693667	1719234
中広形	33.27543565	133.1171422	197	Dohoko	1693667	1719234
中広形	33.27543565	133.1171422	197	Dohoko	1693667	1719234
中広形	33.27543565	133.1171422	197	Dohoko	1693667	1719234
中広形	33.27543565	133.1171422	197	Dohoko	1693667	1719234
中広形	33.27543565	133.1171422	197	Dohoko	1693667	1719234
中細形b	33.27543565	133.1171422	148	Doka	1684536	1702798
中広形	33.26414445	133.115654	197	Dohoko	1693667	1719234
中広形	33.27237674	133.1096427	197	Dohoko	1693667	1719234
広形	33.27237674	133.1096427	253	Dohoko	1713755	1750279
広形	33.27237674	133.1096427	253	Dohoko	1713755	1750279
広形	33.27237674	133.1096427	253	Dohoko	1713755	1750279
広形	33.27237674	133.1096427	253	Dohoko	1713755	1750279
中広形	33.22524649	133.1339528	197	Dohoko	1693667	1719234
中広形	33.22524649	133.1339528	197	Dohoko	1693667	1719234
中広形	33.22524649	133.1339528	197	Dohoko	1693667	1719234
中広形	33.22524649	133.1339528	197	Dohoko	1693667	1719234
広形	33.22524649	133.1339528	253	Dohoko	1713755	1750279
広形	33.25610679	133.1275017	253	Dohoko	1713755	1750279
細形Ⅱb	33.41316823	133.2788879	123	DokenChuC	1637054	1651664
中細形A	33.47989908	133.4115815	148	DokenChuC	1666274	1684536
中細形A	33.47989908	133.4115815	148	DokenChuC	1666274	1684536
中鋒形c	33.47989908	133.4115815	148	DokenChuC	1702798	1713755
中広形か広形	33.41366978	133.285044	197	Dohoko	1693667	1724712
中広形か広形	33.41366978	133.285044	197	Dohoko	1693667	1724712
細形Ⅰ	33.5210994	133.4405867	123	DokenChuC	1637054	1651664
中細形A	33.5434881	133.4280536	148	DokenChuC	1666274	1684536
中広形	33.5434881	133.4280536	197	Doka	1713755	1724712
中広形	33.48362802	133.4627326	197	Dohoko	1693667	1719234
中広形	33.47198652	133.3651304	197	Dohoko	1693667	1719234
広形	33.47198652	133.3651304	253	Dohoko	1713755	1750279
中広形	33.76729683	133.5893193	197	Dohoko	1693667	1719234
中広形	33.51873929	133.5806596	197	Dohoko	1693667	1719234
中広形	33.51873929	133.5806596	197	Dohoko	1693667	1719234
広形	33.57141022	133.5253793	253	Dohoko	1713755	1750279
広形	33.55849066	133.6647909	253	Dohoko	1713755	1750279
広形	33.55849066	133.6647909	253	Dohoko	1713755	1750279
広形	33.55849066	133.6647909	253	Dohoko	1713755	1750279
広形	33.55849066	133.6647909	253	Dohoko	1713755	1750279
広形	33.55849066	133.6647909	253	Dohoko	1713755	1750279
中広形	33.53255419	133.6210825	197	Dohoko	1693667	1719234
広形	33.52432246	133.9166206	253	Dohoko	1713755	1750279
中細形A	33.57359493	133.7198855	148	DokenChuC	1666274	1684536
中広形	33.7294666	133.5195397	197	Dohoko	1693667	1719234
中広形	33.7294666	133.5195397	197	Dohoko	1693667	1719234
中広形	33.7294666	133.5195397	197	Dohoko	1693667	1719234
広形	33.7821486	133.5000321	253	Dohoko	1713755	1750279
中広形	33.68267021	133.8538962	197	Dohoko	1693667	1719234
中広形	33.68267021	133.8538962	197	Dohoko	1693667	1719234
中広形	33.5432169	133.3930269	197	Dohoko	1693667	1719234
中広形	33.27586629	133.1131364	197	Dohoko	1693667	1719234
中広形	33.51667727	133.4271825	197	Dohoko	1693667	1719234
中広形	33.51667727	133.4271825	197	Dohoko	1693667	1719234
中広形	33.51667727	133.4271825	197	Dohoko	1693667	1719234
中広形	33.51667727	133.4271825	197	Dohoko	1693667	1719234
広形Ⅱ	33.55895556	133.6634607	253	Dohoko	1735670	1750279
中広形	33.55895556	133.6634607	197	Dohoko	1693667	1719234
中広形	33.50508038	133.4956766	197	Dohoko	1693667	1719234
中広形	33.50508038	133.4956766	197	Dohoko	1693667	1719234
中広形	33.50508038	133.4956766	197	Dohoko	1693667	1719234
中広形	33.50508038	133.4956766	197	Dohoko	1693667	1719234
中広形	33.50508038	133.4956766	197	Dohoko	1693667	1719234
中広形	33.50508038	133.4956766	197	Dohoko	1693667	1719234
中広形	33.50508038	133.4956766	197	Dohoko	1693667	1719234
中広形	33.50508038	133.4956766	197	Dohoko	1693667	1719234
広形	33.50508038	133.4956766	253	Doka	1735670	1750279
中広形	33.50508038	133.4956766	197	Dohoko	1693667	1719234
広形	33.50508038	133.4956766	253	Doka	1735670	1750279
中広形	33.50508038	133.4956766	197	Dohoko	1693667	1719234
広形	33.50508038	133.4956766	253	Doka	1735670	1750279
中広形	33.50508038	133.4956766	197	Dohoko	1693667	1719234
中広形(有柄式）	33.5368508	130.2415021	197	DokenChuC	1713755	1724712
細形2	33.5368508	130.2415021	123	Dohoko	1637054	1651664
細形2	33.5368508	130.2415021	123	Dohoko	1637054	1651664
中細形C	33.5368508	130.2415021	179	Doka	1702798	1713755
細形Ⅰ	33.56052653	130.1892461	123	DokenChuC	1637054	1651664
細形(脊部のみ）	33.56052653	130.1892461	123	DokenChuC	1637054	1651664
細形Ⅰ	33.5336415	130.2472974	123	DokenChuC	1637054	1651664
細形Ⅱb	33.49236751	130.0751541	123	DokenChuC	1637054	1651664
細形	33.49236751	130.0751541	123	DokenChuC	1637054	1651664
細形	33.49236751	130.0751541	123	DokenChuC	1637054	1651664
細形2	33.49236751	130.0751541	123	Dohoko	1637054	1651664
中広形	33.519661	130.3330449	197	Doka	1713755	1724712
細形Ⅰ	33.55921912	130.3473261	123	DokenChuC	1637054	1651664
細形	33.55927271	130.3542551	123	DokenChuC	1637054	1651664
細形Ⅱa2	33.5607439	130.3326976	123	Doka	1637054	1651664
細形	33.55228503	130.4218913	123	Dohoko	1637054	1651664
中細形A	33.57941326	130.3123312	148	Doka	1666274	1684536
中細形A	33.57941326	130.3123312	148	Doka	1666274	1684536
中細形A	33.57941326	130.3123312	148	Doka	1666274	1684536
細形	33.58254454	130.269294	123	DokenChuC	1637054	1651664
広形Ⅰ	33.58254454	130.269294	253	Dohoko	1713755	1724712
細形Ⅰ	33.56791082	130.4539254	123	DokenChuC	1637054	1651664
細形Ⅰ	33.56791082	130.4539254	123	DokenChuC	1637054	1651664
細形Ⅰ	33.56791082	130.4539254	123	DokenChuC	1637054	1651664
細形Ⅰ	33.56791082	130.4539254	123	DokenChuC	1637054	1651664
細形Ⅰ	33.56791082	130.4539254	123	Dohoko	1637054	1651664
細形Ⅰ	33.56791082	130.4539254	123	Dohoko	1637054	1651664
細形2	33.56791082	130.4539254	123	Dohoko	1637054	1651664
中細形c	33.58602714	130.4135969	179	Dohoko	1684536	1693667
中細形c	33.58602714	130.4135969	179	Dohoko	1684536	1693667
中細形c	33.58602714	130.4135969	179	Dohoko	1684536	1693667
中広形a	33.58602714	130.4135969	197	Dohoko	1693667	1702798
中広形a	33.58602714	130.4135969	197	Dohoko	1693667	1702798
中細形c	33.58602714	130.4135969	179	Doka	1702798	1713755
中細形c	33.58602714	130.4135969	179	Doka	1702798	1713755
中細形c	33.58602714	130.4135969	179	Doka	1702798	1713755
中細形c	33.58602714	130.4135969	179	Doka	1702798	1713755
中細形c	33.58602714	130.4135969	179	Doka	1702798	1713755
中細形c	33.58602714	130.4135969	179	Doka	1702798	1713755
細形	33.55932916	130.447671	123	DokenChuC	1637054	1651664
細形2	33.56144306	130.4163286	123	Dohoko	1637054	1651664
細形	33.54967668	130.4281852	123	Dohoko	1637054	1651664
細形Ⅱb	33.53815023	130.4506051	123	DokenChuC	1637054	1651664
細形Ⅰ	33.53815023	130.4506051	123	DokenChuC	1637054	1651664
中細形A	33.53815023	130.4506051	148	DokenChuC	1666274	1684536
細形	33.53815023	130.4506051	123	DokenChuC	1637054	1651664
中細形a	33.53815023	130.4506051	148	Dohoko	1666274	1675405
中細形a	33.53815023	130.4506051	148	Dohoko	1666274	1675405
中細形a	33.53815023	130.4506051	148	Dohoko	1666274	1675405
中細形a	33.53815023	130.4506051	148	Dohoko	1666274	1675405
中細形a	33.53815023	130.4506051	148	Dohoko	1666274	1675405
中細形a	33.53815023	130.4506051	148	Dohoko	1666274	1675405
中細形B	33.53815023	130.4506051	148	Doka	1684536	1702798
細形Ⅱb2	33.53815023	130.4506051	123	Doka	1637054	1651664
細形Ⅰ	33.53815023	130.4506051	123	DokenChuC	1637054	1651664
細形Ⅰ	33.5390563	130.4506647	123	DokenChuC	1637054	1651664
中細形a	33.5390563	130.4506647	148	Doka	1666274	1684536
広形	33.5390563	130.4506647	253	Dohoko	1713755	1750279
広形	33.5390563	130.4506647	253	Dohoko	1713755	1750279
広形	33.5390563	130.4506647	253	Dohoko	1713755	1750279
広形	33.5390563	130.4506647	253	Dohoko	1713755	1750279
広形	33.5390563	130.4506647	253	Dohoko	1713755	1750279
広形	33.5390563	130.4506647	253	Dohoko	1713755	1750279
広形	33.5390563	130.4506647	253	Dohoko	1713755	1750279
広形	33.5390563	130.4506647	253	Dohoko	1713755	1750279
広形	33.5390563	130.4506647	253	Dohoko	1713755	1750279
細形Ⅰb	33.54035264	130.4494415	123	Doka	1637054	1651664
細形Ⅰ	33.53702085	130.4471148	123	DokenChuC	1637054	1651664
中細形の可能性あり	33.53815023	130.4505192	148	Dohoko	1666274	1693667
中広形	33.53815023	130.4505192	197	Dohoko	1693667	1719234
中広形	33.53815023	130.4505192	197	Dohoko	1693667	1719234
中広形	33.53815023	130.4505192	197	Dohoko	1693667	1719234
中広形	33.53815023	130.4505192	197	Dohoko	1693667	1719234
中広形	33.53815023	130.4505192	197	Dohoko	1693667	1719234
中広形	33.53815023	130.4505192	197	Dohoko	1693667	1719234
中広形	33.53815023	130.4505192	197	Dohoko	1693667	1719234
中広形	33.53815023	130.4505192	197	Dohoko	1693667	1719234
中広形	33.53815023	130.4505192	197	Dohoko	1693667	1719234
細形Ⅱb	33.53815023	130.4505192	123	DokenChuC	1637054	1651664
中細形A	33.5295655	130.4687094	148	DokenChuC	1666274	1684536
中広形	33.53815023	130.4505192	197	Dohoko	1693667	1719234
中広形	33.53728632	130.4510269	197	Dohoko	1693667	1719234
中広形	33.5326718	130.4514002	197	Dohoko	1693667	1719234
中広形	33.5326718	130.4514002	197	Dohoko	1693667	1719234
中広形	33.5326718	130.4514002	197	Dohoko	1693667	1719234
中広形	33.5326718	130.4514002	197	Dohoko	1693667	1719234
中広形	33.5326718	130.4514002	197	Dohoko	1693667	1719234
中広形	33.5326718	130.4514002	197	Dohoko	1693667	1719234
中広形	33.5326718	130.4514002	197	Dohoko	1693667	1719234
中広形	33.5326718	130.4514002	197	Dohoko	1693667	1719234
中広形	33.5326718	130.4514002	197	Dohoko	1693667	1719234
中広形	33.51967155	130.4569323	197	Doka	1713755	1724712
中広形	33.51967155	130.4569323	197	Doka	1713755	1724712
中広形	33.51967155	130.4569323	197	Doka	1713755	1724712
中広形	33.51967155	130.4569323	197	Doka	1713755	1724712
中広形	33.51967155	130.4569323	197	Doka	1713755	1724712
中広形	33.51967155	130.4569323	197	Doka	1713755	1724712
中広形	33.51967155	130.4569323	197	Doka	1713755	1724712
中広形	33.51967155	130.4569323	197	Doka	1713755	1724712
中広形	33.51967155	130.4569323	197	Doka	1713755	1724712
中広形	33.51967155	130.4569323	197	Doka	1713755	1724712
中広形	33.51967155	130.4569323	197	Doka	1713755	1724712
中広形	33.51967155	130.4569323	197	Doka	1713755	1724712
中広形	33.51967155	130.4569323	197	Doka	1713755	1724712
中広形	33.51967155	130.4569323	197	Doka	1713755	1724712
中広形	33.51967155	130.4569323	197	Doka	1713755	1724712
中細形C	33.51967155	130.4569323	179	Doka	1702798	1713755
中広形	33.51967155	130.4569323	197	Doka	1713755	1724712
中広形	33.51967155	130.4569323	197	Doka	1713755	1724712
中広形	33.51967155	130.4569323	197	Doka	1713755	1724712
中広形	33.51967155	130.4569323	197	Doka	1713755	1724712
中広形	33.51967155	130.4569323	197	Doka	1713755	1724712
中広形	33.51967155	130.4569323	197	Doka	1713755	1724712
中広形	33.51967155	130.4569323	197	Doka	1713755	1724712
中広形	33.51967155	130.4569323	197	Doka	1713755	1724712
中広形	33.51967155	130.4569323	197	Doka	1713755	1724712
中広形	33.51967155	130.4569323	197	Doka	1713755	1724712
中広形	33.51967155	130.4569323	197	Doka	1713755	1724712
中細形C	33.53006591	130.4687093	148	Doka	1702798	1713755
中広形	33.53006591	130.4687093	197	Doka	1713755	1724712
中細形C	33.53006591	130.4687093	148	Doka	1702798	1713755
中広形	33.53006591	130.4687093	197	Doka	1713755	1724712
中細形C	33.53006591	130.4687093	148	Doka	1702798	1713755
中細形C	33.53006591	130.4687093	148	Doka	1702798	1713755
中細形C	33.53006591	130.4687093	148	Doka	1702798	1713755
中細形C	33.53006591	130.4687093	148	Doka	1702798	1713755
中細形C	33.53006591	130.4687093	148	Doka	1702798	1713755
中細形C	33.53006591	130.4687093	148	Doka	1702798	1713755
中広形	33.53006591	130.4687093	197	Doka	1713755	1724712
中細形C	33.53006591	130.4687093	148	Doka	1702798	1713755
中広形	33.53006591	130.4687093	197	Doka	1713755	1724712
中広形	33.53006591	130.4687093	197	Doka	1713755	1724712
中広形	33.53006591	130.4687093	197	Doka	1713755	1724712
中細形C	33.53006591	130.4687093	148	Doka	1702798	1713755
中細形C	33.53006591	130.4687093	148	Doka	1702798	1713755
中広形	33.53006591	130.4687093	197	Doka	1713755	1724712
中広形	33.53006591	130.4687093	197	Doka	1713755	1724712
中細形C	33.53006591	130.4687093	148	Doka	1702798	1713755
中細形C	33.53006591	130.4687093	148	Doka	1702798	1713755
中広形	33.53006591	130.4687093	197	Doka	1713755	1724712
中細形C	33.53006591	130.4687093	148	Doka	1702798	1713755
中細形C	33.53006591	130.4687093	148	Doka	1702798	1713755
中細形C	33.53006591	130.4687093	148	Doka	1702798	1713755
中広形	33.53006591	130.4687093	197	Doka	1713755	1724712
中広形	33.53006591	130.4687093	197	Doka	1713755	1724712
中細形C	33.53006591	130.4687093	148	Doka	1702798	1713755
中細形C	33.53006591	130.4687093	148	Doka	1702798	1713755
中細形C	33.53006591	130.4687093	148	Doka	1702798	1713755
中細形C	33.53006591	130.4687093	148	Doka	1702798	1713755
中細形C	33.53006591	130.4687093	148	Doka	1702798	1713755
中細形C	33.53006591	130.4687093	148	Doka	1702798	1713755
中細形C	33.53006591	130.4687093	148	Doka	1702798	1713755
中細形C	33.53006591	130.4687093	148	Doka	1702798	1713755
中細形C	33.53006591	130.4687093	148	Doka	1702798	1713755
中広形	33.53006591	130.4687093	197	Doka	1713755	1724712
中細形C	33.53006591	130.4687093	148	Doka	1702798	1713755
中細形C	33.53006591	130.4687093	148	Doka	1702798	1713755
中細形C	33.53006591	130.4687093	148	Doka	1702798	1713755
中細形C	33.53006591	130.4687093	148	Doka	1702798	1713755
中細形C	33.53006591	130.4687093	148	Doka	1702798	1713755
中広形	33.53006591	130.4687093	197	Doka	1713755	1724712
中細形C	33.53006591	130.4687093	148	Doka	1702798	1713755
中細形C	33.53006591	130.4687093	148	Doka	1702798	1713755
中細形C	33.53006591	130.4687093	148	Doka	1702798	1713755
中細形C	33.53006591	130.4687093	148	Doka	1702798	1713755
中細形C	33.53006591	130.4687093	148	Doka	1702798	1713755
中細形C	33.53006591	130.4687093	148	Doka	1702798	1713755
広形	33.51887379	130.438218	253	Dohoko	1713755	1750279
広形	33.50314119	130.4504067	253	Dohoko	1713755	1750279
中細形A	33.49835679	130.5182969	148	DokenChuC	1666274	1684536
広形Ⅰ	33.49382539	130.4242702	253	Dohoko	1713755	1724712
広形Ⅱ	33.49382539	130.4242702	253	Dohoko	1735670	1750279
広形Ⅱ	33.49382539	130.4242702	253	Dohoko	1735670	1750279
広形Ⅰ	33.49382539	130.4242702	253	Dohoko	1713755	1724712
広形Ⅰ	33.49382539	130.4242702	253	Dohoko	1713755	1724712
広形Ⅱ	33.49382539	130.4242702	253	Dohoko	1735670	1750279
広形	33.49382539	130.4242702	253	Dohoko	1713755	1750279
広形	33.49382539	130.4242702	253	Dohoko	1713755	1750279
広形	33.49382539	130.4242702	253	Dohoko	1713755	1750279
広形	33.49382539	130.4242702	253	Dohoko	1713755	1750279
広形	33.49382539	130.4242702	253	Dohoko	1713755	1750279
広形	33.49382539	130.4242702	253	Dohoko	1713755	1750279
中広形	33.51351301	130.4171754	197	Dohoko	1693667	1719234
中広形	33.51351301	130.4171754	197	Dohoko	1693667	1719234
中広形	33.51351301	130.4171754	197	Dohoko	1693667	1719234
中広形	33.53482909	130.5344765	197	Doka	1713755	1724712
中広形	33.52529462	130.5273218	197	Doka	1713755	1724712
中広形	33.52529462	130.5273218	197	Doka	1713755	1724712
中広形	33.52529462	130.5273218	197	Doka	1713755	1724712
中広形	33.52529462	130.5273218	197	Doka	1713755	1724712
中広形	33.52529462	130.5273218	197	Doka	1713755	1724712
中広形	33.52529462	130.5273218	197	Doka	1713755	1724712
中広形	33.52529462	130.5273218	197	Doka	1713755	1724712
中広形	33.52529462	130.5273218	197	Doka	1713755	1724712
中広形	33.52529462	130.5273218	197	Doka	1713755	1724712
中広形	33.52529462	130.5273218	197	Doka	1713755	1724712
中広形	33.52529462	130.5273218	197	Doka	1713755	1724712
中広形	33.52892304	130.5525206	197	Doka	1713755	1724712
細形Ⅱb2	33.5265787	130.4967974	123	Doka	1637054	1651664
細形2	33.48730772	130.420023	123	Dohoko	1637054	1651664
中細形	33.45051396	130.6347814	148	Dohoko	1666274	1693667
中広形	33.44465395	130.6708744	197	Dohoko	1693667	1719234
中広形	33.44465395	130.6708744	197	Dohoko	1693667	1719234
中広形	33.44465395	130.6708744	197	Dohoko	1693667	1719234
細形Ⅰ	33.4069584	130.6391147	123	DokenChuC	1637054	1651664
中広形	33.37416943	130.7339382	197	Doka	1713755	1724712
中細形B	33.37009579	130.7179827	148	Doka	1684536	1702798
中細形B	33.37009579	130.7179827	148	Doka	1684536	1702798
中広形	33.42752144	130.7245644	197	Doka	1713755	1724712
中広形	33.42752144	130.7245644	197	Doka	1713755	1724712
中広形	33.42752144	130.7245644	197	Doka	1713755	1724712
細形	33.42075187	130.5538622	123	DokenChuC	1637054	1651664
中広形	33.43213865	130.5788641	197	Dohoko	1693667	1719234
中広形	33.43213865	130.5788641	197	Doka	1713755	1724712
中広形	33.43213865	130.5788641	197	Doka	1713755	1724712
中細形A	33.40018459	130.5628186	148	Doka	1666274	1684536
中細形A	33.40018459	130.5628186	148	Doka	1666274	1684536
中細形A	33.40018459	130.5628186	148	Doka	1666274	1684536
中細形A	33.40018459	130.5628186	148	Doka	1666274	1684536
中細形A	33.40018459	130.5628186	148	Doka	1666274	1684536
中細形A	33.40018459	130.5628186	148	Doka	1666274	1684536
中細形A	33.40018459	130.5628186	148	Doka	1666274	1684536
細形	33.38236524	130.6138145	123	DokenChuC	1637054	1651664
中広形	33.33477405	130.615284	197	Dohoko	1693667	1719234
中広形	33.33477405	130.615284	197	Dohoko	1693667	1719234
中細形B	33.39795053	130.5768131	148	Doka	1684536	1702798
広形	33.27060827	130.5010636	253	Dohoko	1713755	1750279
中広形	33.28016855	130.4582565	197	Doka	1713755	1724712
細形Ⅱb	33.2619203	130.4585255	123	DokenChuC	1637054	1651664
細形Ⅰ	33.26509204	130.4569921	123	DokenChuC	1637054	1651664
細形	33.15252018	130.4857942	123	DokenChuC	1637054	1651664
中広形	33.16040545	130.5131537	197	Dohoko	1693667	1719234
中広形	33.16040545	130.5131537	197	Dohoko	1693667	1719234
中広形	33.31990958	130.8212891	197	Dohoko	1693667	1719234
中広形	33.33103148	130.7053757	197	Dohoko	1693667	1719234
中広形	33.33103148	130.7053757	197	Dohoko	1693667	1719234
中広形	33.33103148	130.7053757	197	Dohoko	1693667	1719234
細形Ⅱa3	33.34809511	130.7390005	123	Doka	1637054	1651664
中広形	33.34256852	130.7798896	197	Doka	1713755	1724712
中広形	33.34256852	130.7798896	197	Doka	1713755	1724712
中広形か広形	33.22713325	130.5563028	197	Dohoko	1693667	1724712
中広形か広形	33.22713325	130.5563028	197	Dohoko	1693667	1724712
中広形か広形	33.22713325	130.5563028	197	Dohoko	1693667	1724712
中広形か広形	33.22713325	130.5563028	197	Dohoko	1693667	1724712
中広形か広形	33.22713325	130.5563028	197	Dohoko	1693667	1724712
中広形か広形	33.22713325	130.5563028	197	Dohoko	1693667	1724712
中広形か広形	33.22713325	130.5563028	197	Dohoko	1693667	1724712
中広形か広形	33.22713325	130.5563028	197	Dohoko	1693667	1724712
中広形か広形	33.22713325	130.5563028	197	Dohoko	1693667	1724712
中広形か広形	33.22713325	130.5563028	197	Dohoko	1693667	1724712
中広形か広形	33.22713325	130.5563028	197	Dohoko	1693667	1724712
中広形か広形	33.22713325	130.5563028	197	Dohoko	1693667	1724712
中広形か広形	33.22713325	130.5563028	197	Dohoko	1693667	1724712
中細形	33.24559466	130.5746296	148	Dohoko	1666274	1693667
中細形A	33.24559466	130.5746296	148	Doka	1666274	1684536
中広形	33.25541939	130.5225578	197	Dohoko	1693667	1719234
中広形	33.25541939	130.5225578	197	Dohoko	1693667	1719234
中広形	33.25541939	130.5225578	197	Dohoko	1693667	1719234
中広形	33.25541939	130.5225578	197	Dohoko	1693667	1719234
中広形	33.25541939	130.5225578	197	Dohoko	1693667	1719234
中広形	33.25541939	130.5225578	197	Dohoko	1693667	1719234
中広形	33.25541939	130.5225578	197	Dohoko	1693667	1719234
中広形	33.25541939	130.5225578	197	Dohoko	1693667	1719234
中広形	33.25541939	130.5225578	197	Dohoko	1693667	1719234
中広形	33.25541939	130.5225578	197	Dohoko	1693667	1719234
中広形	33.25541939	130.5225578	197	Dohoko	1693667	1719234
中広形	33.25541939	130.5225578	197	Dohoko	1693667	1719234
中広形	33.25541939	130.5225578	197	Dohoko	1693667	1719234
中広形	33.25893229	130.5137355	197	Dohoko	1693667	1719234
中広形	33.25893229	130.5137355	197	Dohoko	1693667	1719234
中広形	33.25893229	130.5137355	197	Dohoko	1693667	1719234
中広形	33.25893229	130.5137355	197	Dohoko	1693667	1719234
中広形	33.25893229	130.5137355	197	Dohoko	1693667	1719234
中広形	33.25037423	130.7649579	197	Dohoko	1693667	1719234
中広形	33.25037423	130.7649579	197	Dohoko	1693667	1719234
中広形	33.3019463	130.565741	197	Dohoko	1693667	1719234
細形Ⅱc	33.72000329	130.4669696	123	DokenChuC	1637054	1651664
細形Ⅰa	33.72000329	130.4669696	123	Doka	1637054	1651664
中細形	33.87163361	130.532766	148	DokenChuC	1666274	1713755
細形	33.81358366	130.7159266	123	DokenChuC	1637054	1651664
広形	33.81219595	130.5636814	253	Doka	1735670	1750279
細形Ⅰb	33.79864868	130.54057	123	Doka	1637054	1651664
平形Ⅱ	33.82359669	130.4843235	157	Doken	1713755	1724712
細形	34.25475984	130.0986419	123	Dohoko	1637054	1651664
中広形	33.85176815	130.6157888	197	DokenChuC	1713755	1724712
中細形a	33.85176815	130.6157888	148	Dohoko	1666274	1675405
中細形B	33.85176815	130.6157888	148	Doka	1684536	1702798
中細形B	33.85502232	130.6305435	148	Doka	1684536	1702798
細形Ⅱa2	33.84384695	130.6253972	123	Doka	1637054	1651664
細形2	33.84384695	130.6253972	123	Dohoko	1637054	1651664
中広形	33.73507939	130.6319581	197	Doka	1713755	1724712
中細形a	33.65142323	130.69344	148	Dohoko	1666274	1675405
細形2	33.59575925	130.7267267	123	Dohoko	1637054	1651664
中広形	33.63197786	130.7320981	197	Doka	1713755	1724712
中広形	33.63197786	130.7320981	197	Doka	1713755	1724712
中広形	33.63197786	130.7320981	197	Doka	1713755	1724712
細形Ⅰ	33.50129572	130.7230363	123	DokenChuC	1637054	1651664
細形	33.79713817	130.7414449	123	Dohoko	1637054	1651664
中広形	33.82309179	130.9127048	197	Doka	1713755	1724712
広形Ⅰ	33.82309179	130.9127048	253	Dohoko	1713755	1724712
広形Ⅱ	33.82309179	130.9127048	253	Dohoko	1735670	1750279
細形Ⅳ	33.66264553	130.8012353	123	DokenChuC	1637054	1651664
細形Ⅰ	33.66264553	130.8012353	123	DokenChuC	1637054	1651664
中広形か広形	33.65460745	130.7891263	197	Dohoko	1693667	1724712
中広形か広形	33.65460745	130.7891263	197	Dohoko	1693667	1724712
中広形か広形	33.65460745	130.7891263	197	Dohoko	1693667	1724712
中広形か広形	33.65460745	130.7891263	197	Dohoko	1693667	1724712
中広形か広形	33.65460745	130.7891263	197	Dohoko	1693667	1724712
中広形か広形	33.65460745	130.7891263	197	Dohoko	1693667	1724712
中広形か広形	33.65460745	130.7891263	197	Dohoko	1693667	1724712
中広形か広形	33.65460745	130.7891263	197	Dohoko	1693667	1724712
中広形か広形	33.65460745	130.7891263	197	Dohoko	1693667	1724712
中広形か広形	33.65460745	130.7891263	197	Dohoko	1693667	1724712
中広形	33.65528723	130.775695	197	Doka	1713755	1724712
中広形	33.65528723	130.775695	197	Doka	1713755	1724712
中細形C	33.65528723	130.775695	148	Doka	1702798	1713755
中細形C	33.65528723	130.775695	148	Doka	1702798	1713755
中細形B	33.65528723	130.775695	148	Doka	1684536	1702798
中細形B	33.65528723	130.775695	148	Doka	1684536	1702798
中細形B	33.65528723	130.775695	148	Doka	1684536	1702798
中細形B	33.65528723	130.775695	148	Doka	1684536	1702798
中広形	33.65528723	130.775695	197	Doka	1713755	1724712
中広形	33.65528723	130.775695	197	Doka	1713755	1724712
中広形	33.65528723	130.775695	197	Doka	1713755	1724712
中広形	33.65528723	130.775695	197	Doka	1713755	1724712
中広形	33.65528723	130.775695	197	Doka	1713755	1724712
中広形	33.65528723	130.775695	197	Doka	1713755	1724712
中広形	33.65528723	130.775695	197	Doka	1713755	1724712
中広形	33.65528723	130.775695	197	Doka	1713755	1724712
細形	33.61068103	130.8530161	123	DokenChuC	1637054	1651664
広形	33.874123	130.6780812	253	Dohoko	1713755	1750279
広形	33.68983789	130.9601145	253	Dohoko	1713755	1750279
中広形	33.68983789	130.9601145	197	Doka	1713755	1724712
中細形C	33.67973042	130.9459759	148	Doka	1702798	1713755
広形	33.71569812	130.974067	253	Dohoko	1713755	1750279
広形	33.71569812	130.974067	253	Dohoko	1713755	1750279
中広形	33.68983789	130.9601145	197	Doka	1713755	1724712
中広形	33.69919	130.92022	197	Doka	1713755	1724712
広形	33.64976739	131.0624909	253	Dohoko	1713755	1750279
中広形	33.5502445	131.1497381	197	Dohoko	1693667	1719234
中広形	33.58325977	131.1463534	197	Doka	1713755	1724712
中広形	33.60646111	130.4179755	197	Doka	1713755	1724712
細形Ⅰ	33.60646111	130.4179755	123	DokenChuC	1637054	1651664
広形	33.60646111	130.4179755	253	Dohoko	1713755	1750279
細形	33.5339786	130.2467706	123	DokenChuC	1637054	1651664
細形	33.52226463	130.2312483	123	DokenChuC	1637054	1651664
細形	33.53811634	130.2628061	123	DokenChuC	1637054	1651664
細形	33.52549321	130.2561603	123	DokenChuC	1637054	1651664
細形	33.4896929	130.3376649	123	DokenChuC	1637054	1651664
細形	33.52144186	130.3331585	123	DokenChuC	1637054	1651664
細形	33.52144186	130.3331585	123	DokenChuC	1637054	1651664
細形	33.54816456	130.3361446	123	DokenChuC	1637054	1651664
細形	33.53807121	130.3185524	123	DokenChuC	1637054	1651664
細形Ⅰ	33.53807121	130.3185524	123	DokenChuC	1637054	1651664
細形Ⅰ	33.53807121	130.3185524	123	DokenChuC	1637054	1651664
細形Ⅰ	33.53807121	130.3185524	123	DokenChuC	1637054	1651664
細形Ⅰ	33.53807121	130.3185524	123	DokenChuC	1637054	1651664
細形Ⅱb	33.53807121	130.3185524	123	DokenChuC	1637054	1651664
細形Ⅰ	33.53807121	130.3185524	123	DokenChuC	1637054	1651664
細形Ⅳ	33.53807121	130.3185524	123	DokenChuC	1637054	1651664
細形2	33.53807121	130.3185524	123	Dohoko	1637054	1651664
細形Ⅱa1	33.53807121	130.3185524	123	Doka	1637054	1651664
細形Ⅱb	33.53807121	130.3185524	123	DokenChuC	1637054	1651664
細形Ⅱb	33.53807121	130.3185524	123	DokenChuC	1637054	1651664
細形Ⅰ	33.53807121	130.3185524	123	DokenChuC	1637054	1651664
細形Ⅲ	33.53807121	130.3185524	123	DokenChuC	1637054	1651664
細形Ⅱa1	33.53807121	130.3185524	123	Doka	1637054	1651664
細形Ⅰ	33.53807121	130.3185524	123	DokenChuC	1637054	1651664
細形1	33.53807121	130.3185524	123	Dohoko	1637054	1651664
細形Ⅰ	33.53807121	130.3185524	123	DokenChuC	1637054	1651664
細形Ⅱa3	33.53807121	130.3185524	123	Doka	1637054	1651664
細形2	33.53807121	130.3185524	123	Dohoko	1637054	1651664
細形Ⅱa1	33.53807121	130.3185524	123	Doka	1637054	1651664
細形Ⅰ	33.53807121	130.3185524	123	DokenChuC	1637054	1651664
細形Ⅱb	33.53807121	130.3185524	123	DokenChuC	1637054	1651664
細形Ⅱa	33.53807121	130.3185524	123	Doka	1637054	1651664
細形Ⅱb	33.53807121	130.3185524	123	DokenChuC	1637054	1651664
細形Ⅱb	33.55514799	130.2957718	123	DokenChuC	1637054	1651664
細形Ⅰ	33.55514799	130.2957718	123	DokenChuC	1637054	1651664
細形Ⅰ	33.55514799	130.2957718	123	DokenChuC	1637054	1651664
細形Ⅰ	33.57811031	130.426516	123	DokenChuC	1637054	1651664
細形Ⅰ	33.53813234	130.4505514	123	DokenChuC	1637054	1651664
中広形	33.53813234	130.4505514	197	Dohoko	1693667	1719234
中広形	33.53813234	130.4505514	197	Dohoko	1693667	1719234
細形	33.47496441	130.5389079	123	DokenChuC	1637054	1651664
細形	33.47496441	130.5389079	123	DokenChuC	1637054	1651664
細形	33.44987753	130.5649631	123	DokenChuC	1637054	1651664
細形	33.44987753	130.5649631	123	DokenChuC	1637054	1651664
細形Ⅱb	33.44987753	130.5649631	123	DokenChuC	1637054	1651664
細形	33.44987753	130.5649631	123	DokenChuC	1637054	1651664
中細形B	33.44987753	130.5649631	148	Doka	1684536	1702798
中細形B	33.44987753	130.5649631	148	Doka	1684536	1702798
中細形B	33.44987753	130.5649631	148	Doka	1684536	1702798
中細形B	33.44987753	130.5649631	148	Doka	1684536	1702798
中細形B	33.44987753	130.5649631	148	Doka	1684536	1702798
中細形B	33.44987753	130.5649631	148	Doka	1684536	1702798
中細形B	33.44987753	130.5649631	148	Doka	1684536	1702798
中細形B	33.44987753	130.5649631	148	Doka	1684536	1702798
中細形B	33.44987753	130.5649631	148	Doka	1684536	1702798
中細形B	33.44987753	130.5649631	148	Doka	1684536	1702798
中細形B	33.44987753	130.5649631	148	Doka	1684536	1702798
中細形B	33.44987753	130.5649631	148	Doka	1684536	1702798
中細形B	33.44987753	130.5649631	148	Doka	1684536	1702798
中細形B	33.44987753	130.5649631	148	Doka	1684536	1702798
中細形C	33.44987753	130.5649631	148	Doka	1702798	1713755
中細形C	33.44987753	130.5649631	148	Doka	1702798	1713755
中細形B	33.44987753	130.5649631	148	Doka	1684536	1702798
中細形B	33.44987753	130.5649631	148	Doka	1684536	1702798
中細形B	33.44987753	130.5649631	148	Doka	1684536	1702798
中細形B	33.44987753	130.5649631	148	Doka	1684536	1702798
中畑形C	33.44987753	130.5649631	148	Doka	1702798	1713755
中細形B	33.44987753	130.5649631	148	Doka	1684536	1702798
中細形B	33.44987753	130.5649631	148	Doka	1684536	1702798
細形Ⅰ	33.45154103	130.5752772	123	DokenChuC	1637054	1651664
広形	33.3958785	130.6501048	253	Dohoko	1713755	1750279
細形	33.32263186	130.52228	123	Dohoko	1637054	1651664
広形	33.33374167	130.8180572	253	Dohoko	1713755	1750279
広形	33.33374167	130.8180572	253	Doka	1735670	1750279
広形	33.33403876	130.7906272	253	Doka	1735670	1750279
	33.19866026	130.5500985	123	Dohoko	1637054	1651664
	33.18250858	130.5582232	197	Doka	1713755	1724712
	33.7916832	130.5457712	123	DokenChuC	1637054	1651664
	33.7916832	130.5457712	123	Dohoko	1637054	1651664
	33.78210409	130.5691649	123	Dohoko	1637054	1651664
	33.78210409	130.5691649	123	Doka	1637054	1651664
	33.5105315	130.7588013	123	DokenChuC	1637054	1651664
	33.5105315	130.7588013	148	Doka	1666274	1684536
	33.5105315	130.7588013	148	Doka	1666274	1684536
	33.5105315	130.7588013	123	Doka	1637054	1651664
	33.80231815	130.8493965	253	Dohoko	1735670	1750279
	33.49007694	130.0748974	123	DokenChuC	1637054	1651664
	33.49007694	130.0748974	123	Dohoko	1637054	1651664
	33.53815023	130.4504871	148	Dohoko	1666274	1719234
	33.53815023	130.4504871	148	Dohoko	1666274	1719234
	33.53815023	130.4504871	197	Dohoko	1693667	1719234
	33.5241961	130.4575835	197	Dohoko	1693667	1719234
	33.52079239	130.530225	253	Dohoko	1713755	1750279
	33.23923388	130.3873537	253	Doka	1735670	1750279
	33.84395238	130.6242878	123	Dohoko	1637054	1651664
	33.85378683	130.8862741	253	Dohoko	1735670	1750279
	33.88162923	130.5314209	148	DokenChuC	1666274	1684536
	33.88162923	130.5314209	148	DokenChuC	1666274	1684536
	33.57838695	131.1235124	253	Dohoko	1713755	1750279
	33.57838695	131.1235124	123	Doka	1637054	1651664
	33.58081627	131.1287842	197	Dohoko	1693667	1719234
	33.58081627	131.1287842	197	Doka	1713755	1724712
	33.61036224	130.1684455	123	DokenChuC	1637054	1651664
	33.61036224	130.1684455	123	Doka	1637054	1651664
	33.70922136	130.4925243	123	DokenChuC	1637054	1651664
	33.65690424	130.7741238	148	Doka	1684536	1702798
	33.65690424	130.7741238	148	Doka	1684536	1702798
	33.65690424	130.7741238	148	Doka	1684536	1702798
	33.65690424	130.7741238	148	Doka	1684536	1702798
	33.65690424	130.7741238	148	Doka	1684536	1702798
	33.57370479	130.4647219	148	DokenChuC	1666274	1684536
	33.46985186	130.6214946	148	Doka	1684536	1702798
	33.46985186	130.6214946	148	Doka	1702798	1713755
	33.46985186	130.6214946	148	Doka	1702798	1713755
	33.46985186	130.6214946	148	Doka	1702798	1713755
	33.46985186	130.6214946	148	Doka	1666274	1713755
	33.46985186	130.6214946	148	Doka	1666274	1713755
	33.46985186	130.6214946	148	Doka	1666274	1713755
	33.46985186	130.6214946	148	Doka	1666274	1713755
	33.46985186	130.6214946	148	Doka	1666274	1713755
	33.46985186	130.6214946	148	Doka	1666274	1713755
	33.46985186	130.6214946	148	Doka	1666274	1713755
	33.46985186	130.6214946	148	Doka	1666274	1713755
	33.46985186	130.6214946	148	Doka	1666274	1713755
	33.46985186	130.6214946	148	Doka	1666274	1713755
	33.46985186	130.6214946	148	Doka	1666274	1713755
	33.46985186	130.6214946	148	Doka	1666274	1713755
	33.46985186	130.6214946	148	Doka	1666274	1713755
	33.11651543	130.5188605	148	DokenChuC	1666274	1684536
	33.88589343	130.8765907	123	DokenChuC	1637054	1651664
	33.88589343	130.8765907	123	DokenChuC	1637054	1651664
	33.54510987	130.440602	197	Dohoko	1693667	1719234
	33.6064343	130.4179433	197	Doka	1713755	1724712
	33.27589871	130.4742557	197	Dohoko	1693667	1719234
	33.27589871	130.4742557	197	Dohoko	1693667	1719234
	33.30243177	130.5664387	197	Dohoko	1693667	1719234
	33.70957835	130.4928677	123	DokenChuC	1637054	1651664
	33.70957835	130.4928677	123	DokenChuC	1637054	1651664
	33.70957835	130.4928677	123	Dohoko	1637054	1651664
	33.70957835	130.4928677	123	Doka	1637054	1651664
	33.38558211	130.5494009	197	Doka	1713755	1724712
	33.38558211	130.5494009	197	Doka	1713755	1724712
	33.38558211	130.5494009	197	Doka	1713755	1724712
	33.38558211	130.5494009	197	Doka	1713755	1724712
	33.38558211	130.5494009	197	Doka	1713755	1724712
	33.38558211	130.5494009	197	Doka	1713755	1724712
	33.38558211	130.5494009	197	Doka	1713755	1724712
	33.38558211	130.5494009	197	Doka	1713755	1724712
	33.38558211	130.5494009	197	Doka	1713755	1724712
	33.4797432	130.5364078	148	Doka	1684536	1702798
	33.44709065	129.9667873	123	Dohoko	1637054	1693667
	33.44896688	129.9616675	253	Dohoko	1713755	1750279
	33.39181801	129.9818633	123	DokenChuC	1637054	1651664
	33.40878838	129.963775	123	Dohoko	1637054	1651664
	33.40878838	129.963775	148	Doka	1702798	1713755
	33.40878838	129.963775	253	Dohoko	1713755	1750279
	33.40878838	129.963775	253	Doka	1735670	1750279
	33.40577771	129.9877838	148	Dohoko	1675405	1684536
	33.40577771	129.9877838	148	Doka	1684536	1702798
	33.40577771	129.9877838	123	DokenChuC	1637054	1651664
	33.40577771	129.9877838	148	Dohoko	1666274	1675405
	33.4098076	129.9908984	123	DokenChuC	1637054	1651664
	33.41044859	130.0027423	123	DokenChuC	1637054	1651664
	33.41044859	130.0027423	148	Dohoko	1666274	1675405
	33.41044859	130.0027423	148	Dohoko	1684536	1693667
	33.44528016	130.0345073	148	Doka	1666274	1684536
	33.40701776	130.0112176	123	DokenChuC	1637054	1651664
	33.40701776	130.0112176	123	DokenChuC	1637054	1651664
	33.40701776	130.0112176	123	Dohoko	1637054	1651664
	33.40701776	130.0112176	123	Dohoko	1637054	1651664
	33.40701776	130.0112176	123	DokenChuC	1637054	1651664
	33.40701776	130.0112176	123	DokenChuC	1637054	1651664
	33.40701776	130.0112176	123	DokenChuC	1637054	1651664
	33.40701776	130.0112176	123	Doka	1637054	1651664
	33.40701776	130.0112176	123	DokenChuC	1637054	1651664
	33.40701776	130.0112176	123	DokenChuC	1637054	1651664
	33.40701776	130.0112176	123	Dohoko	1637054	1651664
	33.40701776	130.0112176	123	Dohoko	1637054	1651664
	33.40701776	130.0112176	123	Doka	1637054	1651664
	33.40701776	130.0112176	123	DokenChuC	1637054	1651664
	33.40701776	130.0112176	123	Dohoko	1637054	1651664
	33.40701776	130.0112176	123	DokenChuC	1637054	1651664
	33.39614867	130.0176797	148	Doka	1666274	1684536
	33.37670034	129.9497259	123	Dohoko	1637054	1651664
	33.21963705	130.0283707	123	DokenChuC	1637054	1651664
	33.16959713	130.0454036	197	Dohoko	1693667	1719234
	33.29143936	130.2939197	253	Dohoko	1713755	1750279
	33.29143936	130.2939197	253	Dohoko	1713755	1750279
	33.31012025	130.2812302	197	Doka	1713755	1724712
	33.25903493	130.1830584	148	Doka	1684536	1702798
	33.25903493	130.1830584	148	Doka	1684536	1702798
	33.25903493	130.1830584	148	Doka	1684536	1702798
	33.25903493	130.1830584	148	Doka	1684536	1702798
	33.28679266	130.2039179	123	DokenChuC	1637054	1651664
	33.33544943	130.4000755	123	DokenChuC	1637054	1651664
	33.31580805	130.3775931	123	DokenChuC	1637054	1651664
	33.32740685	130.4089437	197	Dohoko	1693667	1719234
	33.32740685	130.4089437	197	Dohoko	1693667	1719234
	33.32740685	130.4089437	197	Dohoko	1693667	1719234
	33.32740685	130.4089437	197	Dohoko	1693667	1719234
	33.33544943	130.4000755	123	DokenChuC	1637054	1651664
	33.34731772	130.4001038	197	Dohoko	1693667	1719234
	33.34731772	130.4001038	197	Dohoko	1693667	1719234
	33.34731772	130.4001038	197	Dohoko	1693667	1719234
	33.34731772	130.4001038	197	Dohoko	1693667	1719234
	33.39870529	130.5145932	123	Doka	1637054	1651664
	33.36455924	130.4186893	123	DokenChuC	1637054	1651664
	33.32790791	130.4525302	253	Dohoko	1735670	1750279
	33.32790791	130.4525302	123	Doka	1637054	1651664
	33.3730971	130.4908613	197	Dohoko	1693667	1719234
	33.19349887	130.0609906	123	DokenChuC	1637054	1651664
	33.19349887	130.0609906	123	Doka	1637054	1651664
	33.28832621	130.2644197	123	DokenChuC	1637054	1651664
	33.3178	130.2644	123	DokenChuC	1637054	1651664
	33.32033169	130.3850493	123	DokenChuC	1637054	1651664
	33.32033169	130.3850493	123	DokenChuC	1637054	1651664
	33.32033169	130.3850493	123	DokenChuC	1637054	1651664
	33.32033169	130.3850493	123	DokenChuC	1637054	1651664
	33.32033169	130.3850493	123	DokenChuC	1637054	1651664
	33.32033169	130.3850493	123	DokenChuC	1637054	1651664
	33.32033169	130.3850493	123	DokenChuC	1637054	1651664
	33.32033169	130.3850493	148	DokenChuC	1684536	1702798
	33.32033169	130.3850493	197	Doka	1713755	1724712
	33.33287009	130.4675492	197	Dohoko	1693667	1719234
	33.33287009	130.4675492	197	Dohoko	1693667	1719234
	33.33287009	130.4675492	197	Dohoko	1693667	1719234
	33.33287009	130.4675492	197	Dohoko	1693667	1719234
	33.33287009	130.4675492	197	Dohoko	1693667	1719234
	33.33287009	130.4675492	197	Dohoko	1693667	1719234
	33.33287009	130.4675492	197	Dohoko	1693667	1719234
	33.33287009	130.4675492	197	Dohoko	1693667	1719234
	33.33287009	130.4675492	197	Dohoko	1693667	1719234
	33.33287009	130.4675492	197	Dohoko	1693667	1719234
	33.33287009	130.4675492	197	Dohoko	1693667	1719234
	33.33287009	130.4675492	197	Dohoko	1693667	1719234
	33.33287009	130.4675492	123	Doka	1637054	1651664
	33.34852032	130.4808182	197	Dohoko	1693667	1719234
	33.39900745	130.512394	148	DokenChuC	1684536	1702798
	33.39900745	130.512394	148	DokenChuC	1684536	1702798
	33.39900745	130.512394	148	DokenChuC	1684536	1702798
	33.39900745	130.512394	123	DokenChuC	1637054	1651664
	33.39900745	130.512394	148	DokenChuC	1684536	1702798
	33.39900745	130.512394	123	DokenChuC	1637054	1651664
	33.39900745	130.512394	123	DokenChuC	1637054	1651664
	33.339508	130.427269	123	Dohoko	1637054	1651664
	33.29207741	130.1983349	123	DokenChuC	1637054	1651664
	33.32033169	130.3850493	123	Dohoko	1637054	1675405
	33.32033169	130.3850493	123	DokenChuC	1637054	1651664
	33.32033169	130.3850493	123	DokenChuC	1637054	1651664
	33.39900745	130.512394	123	DokenChuC	1637054	1651664
	33.28502758	130.387271	123	DokenChuC	1637054	1651664
	33.28502758	130.387271	123	DokenChuC	1637054	1651664
	33.32033169	130.3850493	123	DokenChuC	1637054	1651664
	33.26914539	130.1336758	123	DokenChuC	1637054	1651664
	33.39925001	130.5142929	148	Doka	1702798	1713755
	33.41600276	129.9961698	123	Dohoko	1637054	1651664
	33.40352247	130.5144229	123	Dohoko	1637054	1651664
	33.28706431	130.27518	123	DokenChuC	1637054	1651664
	34.66001703	129.470374	253	Dohoko	1713755	1724712
	34.66001703	129.470374	253	Dohoko	1735670	1750279
	34.59892323	129.436082	253	Dohoko	1735670	1750279
	34.62864729	129.4701157	253	Dohoko	1713755	1724712
	34.68970909	129.4564939	253	Dohoko	1713755	1750279
	34.63850425	129.3606169	253	Dohoko	1713755	1724712
	34.63850425	129.3606169	253	Dohoko	1713755	1724712
	34.63850425	129.3606169	253	Dohoko	1735670	1750279
	34.63850425	129.3606169	197	Dohoko	1693667	1719234
	34.63510124	129.3334166	197	Dohoko	1693667	1719234
	34.63510124	129.3334166	253	Dohoko	1713755	1750279
	34.62211651	129.3546268	253	Dohoko	1713755	1750279
	34.62211651	129.3546268	253	Dohoko	1713755	1750279
	34.54452958	129.3595388	148	Dohoko	1666274	1675405
	34.5386409	129.3375154	253	Dohoko	1735670	1750279
	34.52363912	129.3409017	197	Dohoko	1693667	1719234
	34.63428469	129.335235	253	Dohoko	1713755	1750279
	34.46946406	129.3136083	197	Dohoko	1693667	1719234
	34.46946406	129.3136083	197	Doka	1713755	1724712
	34.46946406	129.3136083	197	Dohoko	1693667	1719234
	34.46838407	129.3168328	123	DokenChuC	1637054	1651664
	34.47100223	129.3203947	123	DokenChuC	1637054	1651664
	34.47100223	129.3203947	148	Dohoko	1693667	1702798
	34.46464668	129.283154	253	Dohoko	1735670	1750279
	34.46464668	129.283154	253	Dohoko	1735670	1750279
	34.46464668	129.283154	253	Dohoko	1713755	1724712
	34.46464668	129.283154	253	Dohoko	1735670	1750279
	34.46464668	129.283154	253	Dohoko	1735670	1750279
	34.46464668	129.283154	253	Dohoko	1735670	1750279
	34.46386461	129.2795844	253	Dohoko	1735670	1750279
	34.46386461	129.2795844	253	Dohoko	1735670	1750279
	34.46386461	129.2795844	123	DokenChuC	1637054	1651664
	34.46386461	129.2795844	123	Dohoko	1637054	1651664
	34.46386461	129.2795844	148	DokenChuC	1702798	1713755
	34.44714412	129.3191837	123	DokenChuC	1637054	1651664
	34.44714412	129.3191837	197	DokenChuC	1713755	1724712
	34.44714412	129.3191837	253	Dohoko	1735670	1750279
	34.44788381	129.3202917	197	Dohoko	1693667	1719234
	34.45640494	129.3111613	253	Dohoko	1735670	1750279
	34.48500931	129.3944304	253	Dohoko	1713755	1724712
	34.48500931	129.3944304	253	Dohoko	1735670	1750279
	34.48500931	129.3944304	253	Dohoko	1713755	1724712
	34.48500931	129.3944304	253	Dohoko	1713755	1724712
	34.48500931	129.3944304	253	Dohoko	1713755	1724712
	34.48500931	129.3944304	253	Dohoko	1713755	1724712
	34.48500931	129.3944304	253	Dohoko	1713755	1724712
	34.48500931	129.3944304	253	Dohoko	1713755	1724712
	34.48500931	129.3944304	253	Dohoko	1713755	1724712
	34.48500931	129.3944304	253	Dohoko	1735670	1750279
	34.48500931	129.3944304	253	Dohoko	1713755	1724712
	34.48500931	129.3944304	253	Dohoko	1713755	1724712
	34.48500931	129.3944304	253	Dohoko	1713755	1724712
	34.46065288	129.3754865	148	DokenChuC	1666274	1713755
	34.46065288	129.3754865	197	Dohoko	1693667	1719234
	34.4154725	129.2925518	197	Dohoko	1693667	1719234
	34.4154725	129.2925518	197	Dohoko	1693667	1719234
	34.4154725	129.2925518	197	Dohoko	1693667	1719234
	34.4154725	129.2925518	197	Dohoko	1693667	1719234
	34.4154725	129.2925518	197	Dohoko	1693667	1719234
	34.4154725	129.2925518	197	Dohoko	1693667	1719234
	34.4154725	129.2925518	197	Dohoko	1693667	1719234
	34.4154725	129.2925518	197	Dohoko	1693667	1719234
	34.4154725	129.2925518	197	Dohoko	1693667	1719234
	34.4154725	129.2925518	197	Dohoko	1693667	1719234
	34.4154725	129.2925518	197	Dohoko	1693667	1719234
	34.4154725	129.2925518	197	Dohoko	1693667	1719234
	34.39145038	129.2966728	253	Dohoko	1713755	1724712
	34.39145038	129.2966728	253	Dohoko	1735670	1750279
	34.39145038	129.2966728	253	Dohoko	1735670	1750279
	34.36529374	129.2883951	253	Dohoko	1713755	1724712
	34.36529374	129.2883951	253	Dohoko	1735670	1750279
	34.36529374	129.2883951	253	Dohoko	1713755	1724712
	34.36529374	129.2883951	253	Dohoko	1713755	1724712
	34.36529374	129.2883951	253	Dohoko	1713755	1724712
	34.36529374	129.2883951	253	Dohoko	1735670	1750279
	34.36529374	129.2883951	253	Dohoko	1713755	1724712
	34.36529374	129.2883951	253	Dohoko	1713755	1724712
	34.36529374	129.2883951	253	Dohoko	1713755	1724712
	34.36529374	129.2883951	253	Dohoko	1735670	1750279
	34.36529374	129.2883951	253	Dohoko	1713755	1750279
	34.36529374	129.2883951	253	Dohoko	1735670	1750279
	34.36529374	129.2883951	253	Dohoko	1735670	1750279
	34.36529374	129.2883951	253	Dohoko	1735670	1750279
	34.36529374	129.2883951	253	Dohoko	1735670	1750279
	34.39629134	129.3203054	123	DokenChuC	1637054	1651664
	34.39629134	129.3203054	253	Dohoko	1713755	1724712
	34.38068858	129.3113744	253	Dohoko	1713755	1724712
	34.38068858	129.3113744	253	Dohoko	1713755	1724712
	34.38068858	129.3113744	253	Dohoko	1713755	1724712
	34.38068858	129.3113744	253	Dohoko	1713755	1724712
	34.39685101	129.3147208	253	Dohoko	1713755	1724712
	34.39629134	129.3203054	253	Dohoko	1713755	1724712
	34.39150013	129.2838624	253	Dohoko	1735670	1750279
	34.39150013	129.2838624	253	Dohoko	1713755	1750279
	34.42339228	129.3074394	253	Dohoko	1713755	1750279
	34.26252147	129.3171749	253	Dohoko	1735670	1750279
	34.26252147	129.3171749	253	Dohoko	1735670	1750279
	34.26252147	129.3171749	253	Dohoko	1735670	1750279
	34.30536493	129.2816605	253	Dohoko	1713755	1724712
	34.30536493	129.2816605	253	Dohoko	1713755	1724712
	34.30536493	129.2816605	253	Dohoko	1713755	1724712
	34.30536493	129.2816605	253	Dohoko	1713755	1724712
	34.30536493	129.2816605	253	Dohoko	1713755	1724712
	34.30536493	129.2816605	253	Dohoko	1713755	1724712
	34.30536493	129.2816605	253	Dohoko	1713755	1724712
	34.27945349	129.2405054	253	Dohoko	1735670	1750279
	34.17674027	129.196561	197	Dohoko	1693667	1719234
	34.17674027	129.196561	253	Dohoko	1713755	1750279
	34.17518496	129.1931332	197	Dohoko	1693667	1719234
	34.26773427	129.202558	253	Dohoko	1713755	1724712
	34.18512196	129.2804501	253	Dohoko	1713755	1750279
	34.54294811	129.3302212	253	Dohoko	1713755	1750279
	34.36932282	129.2757548	253	Dohoko	1693667	1724712
	34.39206675	129.2826607	197	Dohoko	1693667	1719234
	34.39260845	129.3184172	197	Dohoko	1693667	1719234
	34.39260845	129.3184172	253	Dohoko	1713755	1750279
	34.3890245	129.317337	197	Dohoko	1693667	1719234
	33.76096298	129.7516219	123	DokenChuC	1637054	1651664
	33.79972359	129.6849456	197	Dohoko	1693667	1719234
	33.8553448	129.7086379	197	Dohoko	1693667	1719234
	33.8553448	129.7086379	197	Dohoko	1693667	1719234
	33.8553448	129.7086379	197	Dohoko	1693667	1719234
	33.76617971	129.7466122	123	DokenChuC	1637054	1651664
	33.76617971	129.7466122	123	DokenChuC	1637054	1651664
	33.76617971	129.7466122	123	Doka	1637054	1651664
	32.83644948	130.0592162	123	DokenChuC	1637054	1651664
	32.78795634	130.3691798	123	DokenChuC	1637054	1651664
	32.78795634	130.3691798	148	Dohoko	1666274	1675405
	32.78795634	130.3691798	148	Dohoko	1684536	1693667
	32.78915495	130.366232	123	DokenChuC	1637054	1651664
	34.46993164	129.3144167	123	DokenChuC	1637054	1651664
	34.18374539	129.2794131	253	Dohoko	1713755	1724712
	34.18374539	129.2794131	253	Dohoko	1713755	1724712
	34.18374539	129.2794131	253	Dohoko	1713755	1724712
	34.18374539	129.2794131	253	Dohoko	1713755	1724712
	34.18374539	129.2794131	253	Dohoko	1713755	1724712
	34.18374539	129.2794131	253	Dohoko	1713755	1724712
	34.18374539	129.2794131	253	Dohoko	1713755	1724712
	34.18374539	129.2794131	253	Dohoko	1713755	1724712
	33.29996733	129.618838	253	Dohoko	1713755	1750279
	34.48591312	129.3966355	123	DokenChuC	1637054	1651664
	33.28680289	129.4419878	123	DokenChuC	1637054	1651664
	34.4483098	129.3172399	197	Doka	1713755	1724712
	33.76096298	129.7516219	123	DokenChuC	1637054	1651664
	33.76096298	129.7516219	123	DokenChuC	1637054	1651664
	33.76096298	129.7516219	123	DokenChuC	1637054	1651664
	33.76096298	129.7516219	123	DokenChuC	1637054	1651664
	33.76096298	129.7516219	123	DokenChuC	1637054	1651664
	33.76096298	129.7516219	123	DokenChuC	1637054	1651664
	33.76096298	129.7516219	123	DokenChuC	1637054	1651664
	33.76096298	129.7516219	123	DokenChuC	1637054	1651664
	33.76096298	129.7516219	123	DokenChuC	1637054	1651664
	33.76096298	129.7516219	123	DokenChuC	1637054	1651664
	33.76096298	129.7516219	197	Dohoko	1693667	1719234
	33.01409966	130.5540076	253	Dohoko	1713755	1750279
	32.92236161	130.522167	123	Dohoko	1637054	1651664
	32.95341593	130.6653449	148	Dohoko	1684536	1693667
	32.95341593	130.6653449	148	Dohoko	1684536	1693667
	33.02085245	130.7344527	123	Doka	1637054	1651664
	32.9900082	130.8069868	148	Dohoko	1666274	1675405
	32.8845412	130.8710365	197	Doka	1713755	1724712
	32.8845412	130.8710365	197	Doka	1713755	1724712
	32.86553433	130.8797263	253	Dohoko	1713755	1724712
	32.92128828	130.9289611	148	Doka	1684536	1702798
	32.92128828	130.9289611	148	Doka	1684536	1702798
	32.92011584	130.8330393	197	Dohoko	1693667	1719234
	32.85337548	130.6884207	197	Doka	1713755	1724712
	32.87776628	130.6564932	148	Dohoko	1666274	1675405
	32.87776628	130.6564932	148	Dohoko	1666274	1675405
	32.87776628	130.6564932	148	Dohoko	1675405	1684536
	32.87776628	130.6564932	148	Dohoko	1675405	1684536
	33.001862	130.7299791	197	Dohoko	1693667	1719234
	33.01115969	130.766701	197	Dohoko	1693667	1719234
	32.8089109	130.718386	197	Doka	1713755	1724712
	32.8089109	130.718386	197	Doka	1713755	1724712
	32.26303974	130.9434674	123	DokenChuC	1637054	1651664
	32.85315976	130.9119975	197	Dohoko	1693667	1719234
	32.85315976	130.9119975	197	Dohoko	1693667	1719234
	32.93419666	131.0403883	148	Doka	1666274	1702798
	33.14866929	131.0519207	148	Doka	1702798	1713755
	33.14866929	131.0519207	197	Doka	1713755	1724712
	33.14866929	131.0519207	197	Doka	1713755	1724712
	33.14866929	131.0519207	197	Doka	1713755	1724712
	33.12093949	131.0732911	197	Dohoko	1693667	1719234
	32.87339118	130.8614395	197	Dohoko	1693667	1719234
	32.95285685	131.014591	197	Dohoko	1693667	1719234
	32.80893495	130.7259303	123	DokenChuC	1637054	1651664
	33.31404537	130.9084287	197	Dohoko	1693667	1719234
	33.33593831	130.9711652	197	Dohoko	1693667	1719234
	33.24113298	130.9741413	197	Dohoko	1693667	1719234
	33.30979123	131.1636473	197	Dohoko	1693667	1719234
	33.30979123	131.1636473	197	Dohoko	1693667	1719234
	33.28845135	131.1593363	197	Dohoko	1693667	1719234
	33.28845135	131.1593363	197	Dohoko	1693667	1719234
	33.31179378	131.1877431	123	DokenChuC	1637054	1651664
	33.3459937	131.1454439	197	Dohoko	1693667	1719234
	33.05119931	131.2426817	197	Doka	1713755	1724712
	33.05119931	131.2426817	197	Doka	1713755	1724712
	33.05119931	131.2426817	197	Doka	1713755	1724712
	32.96178401	131.3721577	148	Doka	1666274	1684536
	33.52411517	131.3510075	253	Dohoko	1713755	1750279
	33.52716047	131.3333202	197	Dohoko	1693667	1719234
	33.52716047	131.3333202	197	Dohoko	1693667	1719234
	33.52716047	131.3333202	197	Doka	1713755	1724712
	33.52716047	131.3333202	197	Doka	1713755	1724712
	33.52716047	131.3333202	197	Doka	1713755	1724712
	33.52716047	131.3333202	197	Doka	1713755	1724712
	33.52716047	131.3333202	197	Doka	1713755	1724712
	33.52716047	131.3333202	197	Doka	1713755	1724712
	33.52716047	131.3333202	197	Doka	1713755	1724712
	33.53171869	131.3778574	197	Doka	1713755	1724712
	33.44921578	131.5389403	148	Doka	1666274	1713755
	33.52470378	131.3513075	253	Dohoko	1735670	1750279
	33.52470378	131.3513075	253	Dohoko	1735670	1750279
	33.40929104	131.3447573	197	Dohoko	1693667	1719234
	33.40929104	131.3447573	197	Dohoko	1693667	1719234
	33.43681877	131.3860445	197	Dohoko	1693667	1719234
	33.43681877	131.3860445	197	Dohoko	1693667	1719234
	33.43681877	131.3860445	197	Dohoko	1693667	1719234
	33.43681877	131.3860445	197	Dohoko	1693667	1719234
	33.43681877	131.3860445	197	Dohoko	1693667	1719234
	33.43681877	131.3860445	197	Dohoko	1693667	1719234
	33.43681877	131.3860445	197	Dohoko	1693667	1719234
	33.391468	131.3401828	123	DokenChuC	1637054	1651664
	33.52056488	131.505213	253	Dohoko	1713755	1750279
	33.52056488	131.505213	253	Dohoko	1713755	1750279
	33.54488413	131.445009	253	Dohoko	1693667	1724712
	33.54488413	131.445009	253	Dohoko	1693667	1724712
	33.54488413	131.445009	253	Dohoko	1693667	1724712
	33.54488413	131.445009	253	Dohoko	1693667	1724712
	33.54488413	131.445009	253	Dohoko	1693667	1724712
	33.54488413	131.445009	253	Dohoko	1693667	1724712
	33.54488413	131.445009	253	Dohoko	1693667	1724712
	33.54488413	131.445009	253	Dohoko	1693667	1724712
	33.54488413	131.445009	253	Dohoko	1693667	1724712
	33.54488413	131.445009	253	Dohoko	1693667	1724712
	33.54488413	131.445009	253	Dohoko	1693667	1724712
	33.54488413	131.445009	253	Dohoko	1693667	1724712
	33.54488413	131.445009	253	Dohoko	1693667	1724712
	33.56142043	131.4774466	123	Doka	1637054	1651664
	33.55811467	131.4633309	253	Doka	1735670	1750279
	33.55811467	131.4633309	253	Doka	1735670	1750279
	33.58976915	131.4571952	197	Doka	1713755	1724712
	33.58976915	131.4571952	197	Doka	1713755	1724712
	33.58976915	131.4571952	197	Doka	1713755	1724712
	33.39673731	131.6007542	123	DokenChuC	1637054	1651664
	33.41213551	131.5331239	253	Dohoko	1713755	1750279
	33.37583577	131.6044779	253	Dohoko	1735670	1750279
	33.37583577	131.6044779	253	Dohoko	1735670	1750279
	33.37583577	131.6044779	253	Dohoko	1735670	1750279
	33.37583577	131.6044779	253	Dohoko	1735670	1750279
	33.37583577	131.6044779	253	Dohoko	1735670	1750279
	33.37583577	131.6044779	253	Dohoko	1735670	1750279
	33.37583577	131.6044779	253	Dohoko	1735670	1750279
	33.36842142	131.5147828	197	Doka	1713755	1724712
	33.36842142	131.5147828	197	Doka	1713755	1724712
	33.24822478	131.7318603	148	DokenChuC	1684536	1702798
	33.24822478	131.7318603	148	DokenChuC	1684536	1702798
	33.24822478	131.7318603	148	DokenChuC	1684536	1702798
	33.24822478	131.7318603	148	DokenChuC	1684536	1702798
	33.24822478	131.7318603	148	DokenChuC	1684536	1702798
	33.20918727	131.7596147	197	Doka	1713755	1724712
	33.20918727	131.7596147	197	Doka	1713755	1724712
	33.20918727	131.7596147	197	Doka	1713755	1724712
	33.24822478	131.7318603	123	Doka	1637054	1651664
	33.22101476	131.7109508	157	Doken	1702798	1713755
	33.23890759	131.7622407	123	Doka	1637054	1651664
	33.21774823	131.6317067	123	Doka	1637054	1651664
	33.18261716	131.6626402	197	Dohoko	1693667	1719234
	33.18261716	131.6626402	197	Dohoko	1693667	1719234
	33.18261716	131.6626402	197	Dohoko	1693667	1719234
	33.18261716	131.6626402	197	Dohoko	1693667	1719234
	33.18261716	131.6626402	197	Dohoko	1693667	1719234
	33.2442128	131.8858832	197	Dohoko	1693667	1719234
	33.11421417	131.7903196	253	Dohoko	1713755	1750279
	33.11421417	131.7903196	253	Dohoko	1713755	1750279
	33.11421417	131.7903196	253	Dohoko	1713755	1750279
	33.11421417	131.7903196	253	Dohoko	1713755	1750279
	33.11421417	131.7903196	253	Dohoko	1713755	1750279
	33.11421417	131.7903196	253	Dohoko	1713755	1750279
	33.11421417	131.7903196	253	Dohoko	1713755	1750279
	33.13205933	131.7974969	148	Doka	1666274	1684536
	33.51552632	131.3606231	253	Dohoko	1713755	1724712
	33.51552632	131.3606231	253	Dohoko	1735670	1750279
	33.54671644	131.3555563	123	DokenChuC	1637054	1651664
	33.55285365	131.1962453	123	DokenChuC	1637054	1651664
	33.21146726	131.6627115	197	Dohoko	1693667	1719234
	33.21146726	131.6627115	197	Dohoko	1693667	1719234
	33.33179179	130.9282884	148	Doka	1666274	1713755
	33.33179179	130.9282884	123	Doka	1637054	1651664
	33.33179179	130.9282884	123	DokenChuC	1637054	1651664
	31.91107231	131.4238761	197	Doka	1713755	1724712
	31.4668151	131.055476	197	Dohoko	1693667	1719234
	30.7373092	131.0004256	197	Dohoko	1693667	1719234
	26.41841294	127.7258939	123	DokenChuC	1637054	1651664