ID	secondary_sample_accession	Y Haplogroup	PopLabel	Estimated date	Gender	MT (mtDNA tree Build 17 (18 Feb 2016))	Yfull ID	Larirude	Longitude
DA23	ERS2374304	C--F4032>Y4553>ZQ354	Kipchak	1074-1134 AD	Male	F1b1b	ERS2374304	52.6925	62.6472222
DA106	ERS2374358	C--F4032>M48>Y12825	Nomad_Med	1177-1255 AD	Male	C4b1a		42.074722	76.963889
DA28	ERS2374307	C-F4032>Y4553>Y4541	GoldenHordeAsian	1220-1300 AD	Male	D4m2	ERS2374307	46.9972222	66.2858333
DA65	ERS2374331	E-V22	TianShanHun	385-475 AD	Male	N9a9		41.50138889	75.79472222
DA19	ERS2374302	E-Z830>M123>Y31991	OutCentralSaka	725-623 BC	Male	U7a4		51.2686111	78.0738889
DA179	ERS2374389	G2a-U1>L1266>Y18370	Kipchak	950-1150 AD	Male	D4	ERS2374389	49.0436111	73.6211111
DA117	ERS2374362	G2a-P15>Z6552	Nomad_His	1778-1842 AD	Male	H6a1b	ERS2374362	42.074444	76.966667
DA198	ERS2374397	G2a-PF3359>PF3378	HungarianScythian	428-346 BC	Male	H7a1		46.3444444	20.1625
DA190	ERS2374392	G2a-Z6552>Z6653	SaltovoMayaki	635-709 AD	Male	U1a1c1		50.476192	36.982805
DA30	ERS2374309	I2a2-M223>L701>A427>S17511	Sarmatian	43 BC - 31 AD	Male	U4	ERS2374309	51.695	65.6713889
DA31	ERS2374310	I2c-Y16419	LchashenMetsamor	1299-1205 BC	Male	HV0a		40.5202778	44.9308333
DA57	ERS2374327	J2a-L25>F3133>Y13534	TianShanSaka	152-78 BC	Male	D4j8		41.4997222	75.8041667
DA59	ERS2374329	J2a-L25>F3133>Y13534	TianShanSaka	222-148 BC	Male	D4j8		41.4997222	75.8041667
DA222	ERS2374409	J2a-L25>F3133>Y14698	Karluk	750-950 AD	Male	A_TBD (T152C!)_TBD (T16362C)	ERS2374409	43.2025	76.9816667
DA230	ERS2374416	J2a-L25>F3133>Y14698	Karluk	750-950 AD	Male	F1b1e	ERS2374416	43.2025	76.9816667
DA204	ERS2374402	J2a-L25>F3133>Y14698	Karakhanid	972-1058 AD	Male	A_TBD (T152C!)_TBD (T16362C)	ERS2374402	43.2025	76.9816667
DA58	ERS2374328	J2a-L25>F3133>Z7706	TianShanSaka	148-72 BC	Male	W1c		41.4997222	75.8041667
DA203	ERS2374401	J2a-L25>F3133>Z7706	Karakhanid	950-1250 AD	Male	G2a2		43.2025	76.9816667
DA85	ERS2374343	L-M27>Y31213	TianShanHun	204-306 AD	Male	U4	ERS2374343	41.615	74.9858333
DA171	ERS2374387	N-L1025	NLithuania	50-650 AD	Male	H2a1		55.743786	24.228036
DA95	ERS2374350	N-L1026>Y16323>Y16220	Nomad_HP	301-401 AD	Male	D4b1	ERS2374350	52.6180556	76.7494444
DA228	ERS2374414	O-M268>K18>Y155291	Turk	550-850 AD	Male	A15c	ERS2374414	42.8291667	68.325
DA45	ERS2374316	O-P201>P164>Y153434	XiongNu	71-7 BC	Male	D4b2b2b	ERS2374316	42.5258333	105.18
DA43	ERS2374315	O-M324>F18>FGC54474	XiongNu	71-7 BC	Male	D4a6	ERS2374315	42.5258333	105.18
DA47	ERS2374317	Q-L330>YP771	TianShanSaka	158-62 BC	Male	C4	ERS2374317	41.4280556	75.3297222
DA161	ERS2374384	Q-L330	Alan	450-850 AD	Male	X2f		42.826264	44.115811
DA221	ERS2374408	Q-L330>L332>YP1695	Nomad_IA	655-565 BC	Male	J1b1a1	ERS2374408	43.1822222	76.4130556
DA96	ERS2374351	Q-L330>L332	TianShanHun	303-381 AD	Male	D4j		42.156944	77.405556
DA73	ERS2374338	Q-L330>L332	TianShanHun	268-374 AD	Male	G2a1		41.5013889	75.7947222
DA74	ERS2374339	Q-M25>L713	TianShanHun	390-492 AD	Male	H7b		41.5013889	75.7947222
DA86	ERS2374344	Q-M25>L715	Turk	440-534 AD	Male	C4b1		42.076111	76.965556
DA54	ERS2374324	Q-M25>L715	TianShanHun	324-396 AD	Male	C4_TBD (T152C!)_TBD (T16093C)		41.4280556	75.3297222
DA105	ERS2374357	Q-M25>L715	TianShanHun	149-223 AD	Male	F1b1_TBD (C152T!!)		42.156944	77.405556
DA41	ERS2374314	R1b-PH155	XiongNu_WE	256-192 BC	Male	G3a3		49.2744444	101.7158333
DA4	ERS2374288	Q-L940>L933	Tagar	898-826 BC	Male	H5a1_TBD (T152C!)		54.6758333	90.8536111
DA343	ERS2374419	Q-L330>YP1102	Glazkovo	2647-1776 BC	Male	D4j4		53.188889	103.368056
DA356	ERS2374421	Q-L330>YP1102	Glazkovo	2647-1776 BC	Male	C4a1a3		53.188889	103.368056
DA162	ERS2374385	Q-YP4000>BZ5214	Alan	50-450 AD	Male	H13a2c	ERS2374385	43.217051	44.53845
DA353	ERS2374420	Q-YP4004	Glazkovo	2647-1776 BC	Male	A_TBD (T152C!)_TBD (T16362C)		53.188889	103.368056
DA361	ERS2374422	Q-YP4004	Glazkovo	2647-1776 BC	Male	C4a1a3		53.188889	103.368056
DA127	ERS2374370	Q-L275>Y1150>YP4500	OutTianShanHun	261-381 AD	Male	D4b1a2a1		42.9905556	79.3691667
DA141	ERS2374377	Q-L330>YP771	Sarmatian	30 BC - 70 AD	Male	A1		47.28429	39.533315
DA20	ERS2374303	Q-L330>YP771	Nomad_Hun-Sarmatian	310-246 BC	Male	C4a1a_TBD (T195C!)		51.6397222	74.6719444
DA126	ERS2374369	R1a-Z93>Z2122>F1345>CTS6	Nomad_Med	928-1012 AD	Male	F2c1		43.385	77.5411111
DA229	ERS2374415	R1a-Z93>Z2122>F1345>F1019	Kangju	250 BC - 250 AD	Male	A8a1		42.4597222	69.6997222
DA94	ERS2374349	R1a-M417	Nomad_Med	771-881 AD	Male	Z1a1		52.5047222	76.6147222
DA89	ERS2374346	R1a-M417	Turk	659-759 AD	Male	A14		53.5972222	75.2086111
DA111	ERS2374359	R1b-P312	HallstattBylany	856-750 BC	Male	H6a1a		50.5099972	14.05
DA136	ERS2374375?	R1a-Z645	Sarmatian	30 BC - 70 AD	Male			47.28429	39.533315
DA81	ERS2374341	R1b-PH155>PH200	TianShanHun	216-326 AD	Male	A16	ERS2374341	41.615	74.9858333
DA243	ERS2374418	R1a-Z2125>S23592>YP1558>Y73758	Alan	380-468 AD	Male	W1	ERS2374418	43.958649	42.587303
DA385	ERS2374330	R1a-Z2125>S23592>YP1456	TianShanHun	442-536 AD	Male	H13a2a	ERS2374330	41.5013889	75.7947222
DA206	ERS2374404	R1a-Z2125>S23592	Kangju	212-320 AD	Male	HV13b	ERS2374404	42.9019444	68.2488889
DA100	ERS2374354	R1a-Z2125>S23592>S21872	TianShanHun	273-379 AD	Male	C4b1	ERS2374354	42.156667	77.405556
DA119	ERS2374364	R1b-U106	Poprad	320-400 AD	Male	U4		49.0777778	20.3172222
DA93	ERS2374348	R1b-M73>Y14051	Nomad_Med	771-881 AD	Male	D4j8	ERS2374348	52.5047222	76.6147222
DA87	ERS2374345	R1b-M73>Y14051	Kimak	625-725 AD	Male	A_TBD (T152C!)_TBD (T16362C)		52.6430556	76.7105556
DA92	ERS2374347	R1b-M73>Y20750	Nomad_IA	20 BC - 84 AD	Male	J1b1a1_TBD (T146C!)		52.1738889	77.0397222
DA142	ERS2374378	R1a-Z93>Z2122>Y57>-Y52	Nomad_Med	550-850 AD	Male	J1c5a1	ERS2374378	47.282396	39.541034
DA224	ERS2374411	R1a-Z93>Z2122>Y57>-Y52	OutTurk	380-468 AD	Male	HV21		42.8291667	68.325
DA134	ERS2374374	R1a-Z93>Z2122>Y57>Y52	Sarmatian	30 BC - 70 AD	Male	I1		47.293449	39.54598
DA101	ERS2374355	R1a-Z93>Z2125>S23592>YP1456>YP1455	TianShanHun	220-288 AD	Male	U5a1b1e	ERS2374355	42.159444	77.406389
DA13	ERS2374296	R1a-Z93>Z2125>S23592>YP1456>YP1455	CentralSaka	658-586 BC	Male	A_TBD (T152C!)_TBD (T16362C)	ERS2374296	49.060646	75.5032
DA56	ERS2374326	R1a-Z93>Z2125>S23592>YP1456>YP1555	OutTianShanSaka	133-55 BC	Male	HV6	ERS2374326	41.4280556	75.3297222
DA16	ERS2374299	R1a-Z93>Z2125>S23592>YP1455	CentralSaka	642-576 BC	Male	U2e1'2'3		48.48834	74.42547
DA29	ERS2374308	R1a-Z280>Z92>YP569>YP575>BY100307	GoldenHordeEuro	1220-1300 AD	Male	I1b	ERS2374308	46.9972222	66.2858333
DA129	ERS2374372	R1a-Z93>Z2123>Y20746>Y16006	Nomad_IA	434-340 BC	Male	W3b	ERS2374372	43.14	76.2252778
DA2	ERS2374286	R1a-Z93>Z2124	Tagar	898-826 BC	Male	N1a1a1a1	ERS2374286	54.6758333	90.8536111
DA7	ERS2374291	R1a-Z93>Z2124	Tagar	898-826 BC	Male	A8a1		54.6758333	90.8536111
DA27	ERS2374306	R1a-Z93>Y39884>RY19596	Nomad_Hun-Sarmatian	375-451 AD	Male	C4b1	ERS2374306	52.836944	62.893611
DA223	ERS2374410	R1a-Z93>Y39884>Y41571	Wusun	355-283 BC	Male	J1c5a	ERS2374410	43.2222222	77.8472222
DA51	ERS2374321	R1a-Z93>Z94	TianShanSaka	317-233 BC	Male	H2a1		41.4280556	75.3297222
DA5	ERS2374289	R1a-Z93>Z94	Tagar	898-826 BC	Male	W1c		54.6758333	90.8536111
DA125	ERS2374368	T-M70>Y11151>Y13279	Kangju	184-250 AD	Male	U2e2a1		42.5930556	68.0505556
